-- MySQL dump 10.13  Distrib 8.0.33, for Linux (x86_64)
--
-- Host: localhost    Database: battlepeople
-- ------------------------------------------------------
-- Server version	8.0.33

/*!40101 SET @OLD_CHARACTER_SET_CLIENT=@@CHARACTER_SET_CLIENT */;
/*!40101 SET @OLD_CHARACTER_SET_RESULTS=@@CHARACTER_SET_RESULTS */;
/*!40101 SET @OLD_COLLATION_CONNECTION=@@COLLATION_CONNECTION */;
/*!50503 SET NAMES utf8mb4 */;
/*!40103 SET @OLD_TIME_ZONE=@@TIME_ZONE */;
/*!40103 SET TIME_ZONE='+00:00' */;
/*!40014 SET @OLD_UNIQUE_CHECKS=@@UNIQUE_CHECKS, UNIQUE_CHECKS=0 */;
/*!40014 SET @OLD_FOREIGN_KEY_CHECKS=@@FOREIGN_KEY_CHECKS, FOREIGN_KEY_CHECKS=0 */;
/*!40101 SET @OLD_SQL_MODE=@@SQL_MODE, SQL_MODE='NO_AUTO_VALUE_ON_ZERO' */;
/*!40111 SET @OLD_SQL_NOTES=@@SQL_NOTES, SQL_NOTES=0 */;

--
-- Table structure for table `balance_game_board_comment`
--

DROP TABLE IF EXISTS `balance_game_board_comment`;
/*!40101 SET @saved_cs_client     = @@character_set_client */;
/*!50503 SET character_set_client = utf8mb4 */;
CREATE TABLE `balance_game_board_comment` (
  `id` bigint NOT NULL AUTO_INCREMENT,
  `battle_board_id` bigint NOT NULL,
  `user_id` bigint NOT NULL,
  `content` text NOT NULL,
  `regist_date` timestamp NOT NULL DEFAULT CURRENT_TIMESTAMP,
  `is_deleted` tinyint NOT NULL DEFAULT '0',
  PRIMARY KEY (`id`),
  KEY `battle_board_id` (`battle_board_id`),
  KEY `user_id` (`user_id`),
  CONSTRAINT `balance_game_board_comment_ibfk_1` FOREIGN KEY (`battle_board_id`) REFERENCES `battle_board` (`id`),
  CONSTRAINT `balance_game_board_comment_ibfk_2` FOREIGN KEY (`user_id`) REFERENCES `user` (`id`)
) ENGINE=InnoDB DEFAULT CHARSET=utf8mb4 COLLATE=utf8mb4_0900_ai_ci;
/*!40101 SET character_set_client = @saved_cs_client */;

--
-- Dumping data for table `balance_game_board_comment`
--

LOCK TABLES `balance_game_board_comment` WRITE;
/*!40000 ALTER TABLE `balance_game_board_comment` DISABLE KEYS */;
/*!40000 ALTER TABLE `balance_game_board_comment` ENABLE KEYS */;
UNLOCK TABLES;

--
-- Table structure for table `battle_apply_user`
--

DROP TABLE IF EXISTS `battle_apply_user`;
/*!40101 SET @saved_cs_client     = @@character_set_client */;
/*!50503 SET character_set_client = utf8mb4 */;
CREATE TABLE `battle_apply_user` (
  `battle_board_id` bigint NOT NULL,
  `user_id` bigint NOT NULL,
  `selected_opinion` int NOT NULL,
  `apply_date` timestamp NOT NULL DEFAULT CURRENT_TIMESTAMP,
  `role` varchar(100) DEFAULT NULL,
  PRIMARY KEY (`battle_board_id`,`user_id`),
  KEY `user_id` (`user_id`),
  CONSTRAINT `battle_apply_user_ibfk_1` FOREIGN KEY (`battle_board_id`) REFERENCES `battle_board` (`id`),
  CONSTRAINT `battle_apply_user_ibfk_2` FOREIGN KEY (`user_id`) REFERENCES `user` (`id`)
) ENGINE=InnoDB DEFAULT CHARSET=utf8mb4 COLLATE=utf8mb4_0900_ai_ci;
/*!40101 SET character_set_client = @saved_cs_client */;

--
-- Dumping data for table `battle_apply_user`
--

LOCK TABLES `battle_apply_user` WRITE;
/*!40000 ALTER TABLE `battle_apply_user` DISABLE KEYS */;
INSERT INTO `battle_apply_user` VALUES (6,4,0,'2024-08-11 18:40:23',NULL),(6,12,0,'2024-08-12 11:49:38',NULL),(6,14,1,'2024-08-11 18:40:51',NULL),(6,15,0,'2024-08-11 22:18:00',NULL),(6,17,1,'2024-08-12 12:23:03',NULL),(6,19,0,'2024-08-12 01:03:58',NULL),(6,21,1,'2024-08-12 10:20:34',NULL),(7,15,0,'2024-08-13 22:50:44',NULL),(10,19,0,'2024-08-12 00:46:27',NULL),(11,9,0,'2024-08-12 10:44:26',NULL),(11,12,0,'2024-08-12 12:17:06',NULL),(11,17,1,'2024-08-12 12:22:58',NULL),(11,18,0,'2024-08-12 10:44:31',NULL),(11,19,0,'2024-08-12 10:46:53',NULL),(11,24,0,'2024-08-12 10:45:03',NULL),(11,25,0,'2024-08-12 12:10:47',NULL),(12,4,1,'2024-08-12 12:31:51',NULL),(12,14,1,'2024-08-12 12:31:32',NULL),(12,15,0,'2024-08-12 12:23:11',NULL),(12,19,0,'2024-08-12 12:22:40',NULL),(12,25,0,'2024-08-12 12:32:10',NULL),(13,9,0,'2024-08-12 14:06:54',NULL),(13,10,0,'2024-08-12 14:07:40',NULL),(13,12,0,'2024-08-12 14:06:50',NULL),(13,15,0,'2024-08-12 14:07:26',NULL),(13,19,0,'2024-08-12 14:06:45',NULL),(13,24,0,'2024-08-12 14:25:30',NULL),(13,29,0,'2024-08-12 14:16:41',NULL),(13,30,0,'2024-08-12 14:17:45',NULL),(13,31,0,'2024-08-12 14:28:51',NULL),(13,32,0,'2024-08-12 14:28:46',NULL),(14,9,0,'2024-08-12 14:06:57',NULL),(14,10,1,'2024-08-12 14:06:13',NULL),(14,12,0,'2024-08-12 14:07:01',NULL),(14,15,0,'2024-08-12 14:06:14',NULL),(14,17,0,'2024-08-12 14:06:24',NULL),(14,19,0,'2024-08-12 14:06:39',NULL),(14,24,0,'2024-08-12 14:25:25',NULL),(14,29,0,'2024-08-12 14:17:06',NULL),(14,31,0,'2024-08-12 14:28:49',NULL),(14,32,1,'2024-08-12 14:28:50',NULL),(16,20,0,'2024-08-12 15:01:22',NULL),(16,22,1,'2024-08-12 15:01:49',NULL),(16,30,1,'2024-08-12 14:29:28',NULL),(19,27,1,'2024-08-12 19:23:20',NULL),(22,9,1,'2024-08-13 12:46:52',NULL),(22,12,0,'2024-08-13 08:54:14',NULL),(22,15,0,'2024-08-13 12:48:28',NULL),(22,19,1,'2024-08-13 10:20:08',NULL),(22,34,1,'2024-08-13 00:31:36',NULL),(22,36,1,'2024-08-13 12:28:26',NULL),(23,3,0,'2024-08-14 02:02:31',NULL),(23,4,0,'2024-08-14 02:02:31',NULL),(23,5,1,'2024-08-14 02:02:31',NULL),(23,6,1,'2024-08-14 02:02:31',NULL),(23,7,0,'2024-08-14 02:02:31',NULL),(24,3,0,'2024-08-14 02:05:13',NULL),(24,4,0,'2024-08-14 02:05:13',NULL),(24,5,0,'2024-08-14 02:05:13',NULL),(24,6,1,'2024-08-14 02:05:13',NULL),(24,7,1,'2024-08-14 02:05:13',NULL),(25,3,1,'2024-08-14 02:06:24',NULL),(25,4,1,'2024-08-14 02:06:24',NULL),(25,5,1,'2024-08-14 02:06:24',NULL),(25,6,1,'2024-08-14 02:06:24',NULL),(25,7,0,'2024-08-14 02:06:24',NULL),(26,3,1,'2024-08-14 02:07:20',NULL),(26,4,1,'2024-08-14 02:07:20',NULL),(26,5,1,'2024-08-14 02:07:20',NULL),(26,6,1,'2024-08-14 02:07:20',NULL),(26,7,1,'2024-08-14 02:07:20',NULL),(27,3,0,'2024-08-14 02:07:20',NULL),(27,4,0,'2024-08-14 02:07:20',NULL),(27,5,1,'2024-08-14 02:07:20',NULL),(27,6,0,'2024-08-14 02:07:20',NULL),(27,7,0,'2024-08-14 02:07:20',NULL),(28,3,1,'2024-08-14 02:07:20',NULL),(28,4,1,'2024-08-14 02:07:20',NULL),(28,5,0,'2024-08-14 02:07:20',NULL),(28,6,1,'2024-08-14 02:07:20',NULL),(28,7,1,'2024-08-14 02:07:20',NULL),(29,3,0,'2024-08-14 02:07:20',NULL),(29,4,0,'2024-08-14 02:07:20',NULL),(29,5,0,'2024-08-14 02:07:20',NULL),(29,6,0,'2024-08-14 02:07:20',NULL),(29,7,0,'2024-08-14 02:07:20',NULL),(30,3,1,'2024-08-14 03:27:42',NULL),(30,4,1,'2024-08-14 03:27:42',NULL),(30,5,1,'2024-08-14 03:27:42',NULL),(30,6,1,'2024-08-14 03:27:42',NULL),(30,7,1,'2024-08-14 03:27:42',NULL),(31,3,1,'2024-08-14 03:27:42',NULL),(31,4,1,'2024-08-14 03:27:42',NULL),(31,5,1,'2024-08-14 03:27:42',NULL),(31,6,1,'2024-08-14 03:27:42',NULL),(31,7,1,'2024-08-14 03:27:42',NULL),(32,3,1,'2024-08-14 03:27:42',NULL),(32,4,1,'2024-08-14 03:27:42',NULL),(32,5,1,'2024-08-14 03:27:42',NULL),(32,6,1,'2024-08-14 03:27:42',NULL),(32,7,1,'2024-08-14 03:27:42',NULL),(33,3,1,'2024-08-14 03:27:42',NULL),(33,4,1,'2024-08-14 03:27:42',NULL),(33,5,1,'2024-08-14 03:27:42',NULL),(33,6,1,'2024-08-14 03:27:42',NULL),(33,7,1,'2024-08-14 03:27:42',NULL),(34,3,1,'2024-08-14 03:27:42',NULL),(34,4,1,'2024-08-14 03:27:42',NULL),(34,5,1,'2024-08-14 03:27:42',NULL),(34,6,1,'2024-08-14 03:27:42',NULL),(34,7,1,'2024-08-14 03:27:42',NULL),(35,3,1,'2024-08-14 03:27:43',NULL),(35,4,1,'2024-08-14 03:27:42',NULL),(35,5,1,'2024-08-14 03:27:43',NULL),(35,6,1,'2024-08-14 03:27:42',NULL),(35,7,1,'2024-08-14 03:27:42',NULL),(35,8,1,'2024-08-14 03:27:43',NULL),(38,3,1,'2024-08-13 16:17:03',NULL),(38,4,1,'2024-08-13 16:17:03',NULL),(38,5,1,'2024-08-13 16:17:03',NULL),(38,6,0,'2024-08-13 16:17:03',NULL),(38,7,0,'2024-08-13 16:17:03',NULL),(39,3,1,'2024-08-14 04:16:11',NULL),(39,4,1,'2024-08-14 04:16:11',NULL),(39,5,1,'2024-08-14 04:16:11',NULL),(39,6,1,'2024-08-14 04:16:11',NULL),(39,7,1,'2024-08-14 04:16:11',NULL),(40,3,1,'2024-08-14 04:08:30',NULL),(40,4,1,'2024-08-14 04:08:30',NULL),(40,5,1,'2024-08-14 04:08:30',NULL),(40,6,1,'2024-08-14 04:08:30',NULL),(40,7,1,'2024-08-14 04:08:30',NULL),(44,3,0,'2024-08-14 04:15:26',NULL),(44,4,0,'2024-08-14 04:15:26',NULL),(44,5,1,'2024-08-14 04:15:26',NULL),(44,6,1,'2024-08-14 04:15:26',NULL),(44,7,1,'2024-08-14 04:15:26',NULL),(46,3,1,'2024-08-14 04:09:25',NULL),(46,4,0,'2024-08-14 04:09:25',NULL),(46,5,0,'2024-08-14 04:09:25',NULL),(46,6,0,'2024-08-14 04:09:25',NULL),(46,7,0,'2024-08-14 04:09:25',NULL),(49,3,0,'2024-08-14 04:14:50',NULL),(49,4,1,'2024-08-14 04:14:50',NULL),(49,5,1,'2024-08-14 04:14:50',NULL),(49,6,1,'2024-08-14 04:14:50',NULL),(49,7,1,'2024-08-14 04:14:50',NULL),(50,3,0,'2024-08-14 04:38:43',NULL),(50,4,1,'2024-08-14 04:38:43',NULL),(50,5,1,'2024-08-14 04:38:43',NULL),(50,6,1,'2024-08-14 04:38:44',NULL),(50,7,1,'2024-08-14 04:38:44',NULL),(51,3,0,'2024-08-14 04:46:54',NULL),(51,4,0,'2024-08-14 04:46:54',NULL),(51,5,0,'2024-08-14 04:46:54',NULL),(51,6,0,'2024-08-14 04:46:54',NULL),(51,7,0,'2024-08-14 04:46:54',NULL),(53,3,0,'2024-08-15 08:50:55',NULL),(53,4,1,'2024-08-15 08:50:55',NULL),(53,5,1,'2024-08-15 08:50:55',NULL),(53,6,1,'2024-08-15 08:50:55',NULL),(53,7,1,'2024-08-15 08:50:55',NULL),(64,3,1,'2024-08-14 03:51:20',NULL),(64,4,0,'2024-08-14 03:51:20',NULL),(64,5,0,'2024-08-14 03:51:20',NULL),(64,6,0,'2024-08-14 03:51:20',NULL),(64,7,1,'2024-08-14 03:51:20',NULL),(65,3,1,'2024-08-14 03:49:30',NULL),(65,4,1,'2024-08-14 03:49:30',NULL),(65,5,1,'2024-08-14 03:49:30',NULL),(65,6,1,'2024-08-14 03:49:30',NULL),(65,7,1,'2024-08-14 03:49:30',NULL),(66,3,1,'2024-08-14 03:35:32',NULL),(66,4,1,'2024-08-14 03:35:32',NULL),(66,5,1,'2024-08-14 03:35:32',NULL),(66,6,1,'2024-08-14 03:35:32',NULL),(66,7,1,'2024-08-14 03:35:32',NULL),(67,3,0,'2024-08-14 04:01:09',NULL),(67,4,1,'2024-08-14 04:01:09',NULL),(67,5,1,'2024-08-14 04:01:09',NULL),(67,6,1,'2024-08-14 04:01:09',NULL),(67,7,1,'2024-08-14 04:01:09',NULL),(68,3,1,'2024-08-14 05:09:30',NULL),(68,4,1,'2024-08-14 05:09:30',NULL),(68,5,1,'2024-08-14 05:09:30',NULL),(68,6,0,'2024-08-14 05:09:30',NULL),(68,7,0,'2024-08-14 05:09:30',NULL),(69,3,1,'2024-08-14 04:51:49',NULL),(69,4,1,'2024-08-14 04:51:49',NULL),(69,5,1,'2024-08-14 04:51:49',NULL),(69,6,1,'2024-08-14 04:51:49',NULL),(69,7,1,'2024-08-14 04:51:49',NULL),(70,3,0,'2024-08-14 05:07:48',NULL),(70,4,0,'2024-08-14 05:07:48',NULL),(70,5,1,'2024-08-14 05:07:48',NULL),(70,6,1,'2024-08-14 05:07:48',NULL),(70,7,1,'2024-08-14 05:07:48',NULL),(71,3,1,'2024-08-14 04:03:40',NULL),(71,4,1,'2024-08-14 04:03:40',NULL),(71,5,1,'2024-08-14 04:03:40',NULL),(71,6,1,'2024-08-14 04:03:40',NULL),(71,7,1,'2024-08-14 04:03:40',NULL),(72,3,0,'2024-08-14 04:23:38',NULL),(72,4,0,'2024-08-14 04:23:38',NULL),(72,5,0,'2024-08-14 04:23:38',NULL),(72,6,0,'2024-08-14 04:23:38',NULL),(72,7,0,'2024-08-14 04:23:38',NULL),(74,14,0,'2024-08-13 14:11:20',NULL),(74,19,0,'2024-08-13 10:17:41',NULL),(74,20,0,'2024-08-13 15:11:42',NULL),(74,28,0,'2024-08-13 15:05:03',NULL),(74,36,0,'2024-08-13 12:28:23',NULL),(92,14,0,'2024-08-13 14:11:28',NULL),(93,20,1,'2024-08-13 15:15:01',NULL),(93,28,0,'2024-08-13 15:16:06',NULL),(94,20,0,'2024-08-13 15:15:08',NULL),(98,20,0,'2024-08-13 15:14:52',NULL),(98,28,1,'2024-08-13 15:05:06',NULL),(100,27,0,'2024-08-13 15:25:29',NULL),(101,20,0,'2024-08-13 15:21:22',NULL),(105,14,0,'2024-08-13 16:30:10',NULL),(107,10,0,'2024-08-13 22:46:58',NULL),(111,10,0,'2024-08-13 17:51:42',NULL),(111,20,0,'2024-08-13 17:52:01',NULL),(119,52,1,'2024-08-14 15:19:45',NULL),(119,59,0,'2024-08-14 14:48:05',NULL),(119,61,0,'2024-08-14 14:49:10',NULL),(119,65,1,'2024-08-14 16:44:42',NULL),(119,67,0,'2024-08-14 17:12:41',NULL),(119,77,0,'2024-08-15 10:13:31',NULL),(119,92,1,'2024-08-15 23:16:00',NULL),(119,93,0,'2024-08-15 23:17:12',NULL),(120,5,0,'2024-08-15 10:42:05',NULL),(120,52,1,'2024-08-14 15:19:50',NULL),(120,59,1,'2024-08-14 14:48:04',NULL),(120,61,1,'2024-08-14 14:49:07',NULL),(120,77,0,'2024-08-15 10:13:16',NULL),(121,50,0,'2024-08-14 15:19:57',NULL),(121,52,0,'2024-08-14 15:19:44',NULL),(121,59,0,'2024-08-14 14:48:02',NULL),(121,61,0,'2024-08-14 14:49:06',NULL),(121,77,1,'2024-08-15 10:13:22',NULL),(122,3,1,'2024-08-15 10:13:36',NULL),(122,4,1,'2024-08-15 10:13:36',NULL),(122,5,1,'2024-08-15 10:13:36',NULL),(122,6,1,'2024-08-15 10:13:36',NULL),(122,7,1,'2024-08-15 10:13:36',NULL),(122,8,1,'2024-08-15 10:13:36',NULL),(122,9,1,'2024-08-15 10:13:36',NULL),(122,46,1,'2024-08-14 00:32:45',NULL),(122,59,1,'2024-08-14 14:48:01',NULL),(122,61,0,'2024-08-14 14:49:04',NULL),(122,77,0,'2024-08-15 10:13:36',NULL),(122,92,0,'2024-08-15 23:15:57',NULL),(122,93,1,'2024-08-15 23:17:18',NULL),(122,96,1,'2024-08-15 23:13:29',NULL),(123,50,1,'2024-08-14 15:07:46',NULL),(123,59,0,'2024-08-14 14:47:59',NULL),(123,61,1,'2024-08-14 14:49:03',NULL),(123,77,1,'2024-08-15 10:13:39',NULL),(123,92,1,'2024-08-15 23:15:55',NULL),(123,95,1,'2024-08-15 23:18:47',NULL),(123,96,1,'2024-08-15 23:13:32',NULL),(125,42,0,'2024-08-13 23:44:22',NULL),(125,43,0,'2024-08-13 23:44:48',NULL),(125,44,0,'2024-08-13 23:45:16',NULL),(125,45,1,'2024-08-13 23:45:38',NULL),(125,46,1,'2024-08-13 23:48:41',NULL),(126,21,0,'2024-08-14 00:41:04',NULL),(126,22,0,'2024-08-14 00:41:21',NULL),(126,26,0,'2024-08-14 00:41:35',NULL),(126,27,0,'2024-08-14 00:41:57',NULL),(126,28,0,'2024-08-14 00:42:13',NULL),(128,3,0,'2024-08-13 15:59:44',NULL),(128,4,0,'2024-08-13 15:59:44',NULL),(128,7,0,'2024-08-13 15:59:44',NULL),(128,8,0,'2024-08-13 15:59:44',NULL),(128,9,1,'2024-08-13 15:59:44',NULL),(129,3,1,'2024-08-13 16:33:03',NULL),(129,4,1,'2024-08-13 16:33:03',NULL),(129,5,1,'2024-08-13 16:33:03',NULL),(129,6,0,'2024-08-13 16:33:03',NULL),(129,7,0,'2024-08-13 16:33:03',NULL),(130,3,0,'2024-08-13 16:45:01',NULL),(130,4,0,'2024-08-13 16:45:01',NULL),(130,5,0,'2024-08-13 16:45:01',NULL),(130,6,0,'2024-08-13 16:45:01',NULL),(130,38,0,'2024-08-14 01:47:20',NULL),(131,10,0,'2024-08-14 13:19:37',NULL),(131,59,0,'2024-08-14 14:47:57',NULL),(131,61,1,'2024-08-14 14:49:01',NULL),(131,77,0,'2024-08-15 10:13:43',NULL),(131,92,0,'2024-08-15 23:15:53',NULL),(131,93,0,'2024-08-15 23:17:20',NULL),(131,95,0,'2024-08-15 23:18:46',NULL),(135,10,1,'2024-08-14 13:36:38',NULL),(135,17,1,'2024-08-15 17:42:01',NULL),(135,48,0,'2024-08-14 13:41:50',NULL),(135,50,0,'2024-08-14 15:07:40',NULL),(135,52,0,'2024-08-14 15:07:34',NULL),(135,59,1,'2024-08-14 14:47:55',NULL),(135,61,0,'2024-08-14 14:49:00',NULL),(135,65,0,'2024-08-14 16:59:49',NULL),(135,77,0,'2024-08-15 10:13:47',NULL),(135,92,1,'2024-08-15 23:15:51',NULL),(135,93,1,'2024-08-15 23:17:22',NULL),(135,95,0,'2024-08-15 23:18:44',NULL),(135,96,0,'2024-08-15 23:13:25',NULL),(137,51,0,'2024-08-14 14:45:24',NULL),(137,59,0,'2024-08-14 14:47:53',NULL),(137,60,1,'2024-08-14 14:48:54',NULL),(137,61,0,'2024-08-14 14:48:58',NULL),(137,62,1,'2024-08-14 14:49:49',NULL),(138,54,0,'2024-08-14 14:45:54',NULL),(138,59,1,'2024-08-14 14:47:49',NULL),(138,60,1,'2024-08-14 14:48:52',NULL),(138,61,0,'2024-08-14 14:48:57',NULL),(138,62,0,'2024-08-14 14:49:48',NULL),(139,57,1,'2024-08-14 14:46:19',NULL),(139,59,0,'2024-08-14 14:47:47',NULL),(139,60,1,'2024-08-14 14:48:49',NULL),(139,61,1,'2024-08-14 14:48:56',NULL),(139,62,1,'2024-08-14 14:49:45',NULL),(141,52,0,'2024-08-14 15:19:38',NULL),(141,92,0,'2024-08-15 23:15:49',NULL),(142,34,0,'2024-08-14 18:51:42',NULL),(142,52,0,'2024-08-14 15:19:36',NULL),(142,81,1,'2024-08-15 20:26:43',NULL),(143,43,0,'2024-08-14 16:44:16',NULL),(143,44,0,'2024-08-14 16:44:27',NULL),(143,70,0,'2024-08-14 16:43:28',NULL),(143,71,1,'2024-08-14 16:43:18',NULL),(143,72,0,'2024-08-14 16:44:23',NULL),(144,42,0,'2024-08-15 15:40:50',NULL),(144,46,0,'2024-08-15 15:41:17',NULL),(144,51,0,'2024-08-15 15:42:09',NULL),(144,67,1,'2024-08-15 15:41:38',NULL),(144,78,0,'2024-08-15 15:46:37',NULL),(145,3,0,'2024-08-15 07:14:20',NULL),(145,4,0,'2024-08-15 07:14:19',NULL),(145,5,0,'2024-08-15 07:14:19',NULL),(145,6,0,'2024-08-15 07:14:19',NULL),(145,67,0,'2024-08-15 16:14:36',NULL),(146,3,0,'2024-08-15 09:30:37',NULL),(146,4,0,'2024-08-15 09:30:37',NULL),(146,5,1,'2024-08-15 09:30:37',NULL),(146,6,1,'2024-08-15 09:30:37',NULL),(146,7,1,'2024-08-15 09:30:37',NULL),(147,81,0,'2024-08-15 20:26:38',NULL),(147,92,0,'2024-08-15 23:15:47',NULL),(147,93,0,'2024-08-15 23:17:09',NULL),(147,95,1,'2024-08-15 23:18:40',NULL),(147,96,1,'2024-08-15 23:13:21',NULL),(148,30,1,'2024-08-15 22:59:25',NULL),(148,81,0,'2024-08-15 20:26:34',NULL),(148,92,1,'2024-08-15 23:15:39',NULL),(148,93,1,'2024-08-15 23:17:08',NULL),(148,95,0,'2024-08-15 23:18:38',NULL),(148,96,0,'2024-08-15 23:13:19',NULL),(149,67,1,'2024-08-15 21:25:02',NULL),(149,81,1,'2024-08-15 20:26:29',NULL),(149,92,0,'2024-08-15 23:15:42',NULL),(149,93,0,'2024-08-15 23:17:06',NULL),(149,95,0,'2024-08-15 23:18:35',NULL),(149,96,1,'2024-08-15 23:13:14',NULL),(150,22,1,'2024-08-15 22:49:06',NULL),(150,30,0,'2024-08-15 23:02:27',NULL),(150,67,0,'2024-08-15 21:25:08',NULL),(150,84,0,'2024-08-15 21:53:53',NULL),(150,92,0,'2024-08-15 23:15:44',NULL),(150,93,1,'2024-08-15 23:17:04',NULL),(150,95,0,'2024-08-15 23:18:34',NULL),(150,96,0,'2024-08-15 23:13:11',NULL),(150,97,1,'2024-08-15 23:33:53',NULL),(151,20,0,'2024-08-15 21:16:49',NULL),(151,28,0,'2024-08-15 21:17:40',NULL),(151,29,1,'2024-08-15 21:17:29',NULL),(151,31,1,'2024-08-15 21:17:16',NULL),(151,81,0,'2024-08-15 21:17:03',NULL),(152,3,1,'2024-08-15 21:26:24',NULL),(152,4,1,'2024-08-15 21:26:24',NULL),(152,20,0,'2024-08-15 21:26:13',NULL),(152,28,1,'2024-08-15 21:27:27',NULL),(152,29,0,'2024-08-15 21:26:24',NULL),(152,81,0,'2024-08-15 21:26:36',NULL),(152,89,0,'2024-08-15 22:57:18',NULL),(153,81,1,'2024-08-15 21:51:51',NULL),(153,82,0,'2024-08-15 21:52:51',NULL),(153,83,0,'2024-08-15 21:53:39',NULL),(153,84,1,'2024-08-15 21:53:49',NULL),(153,85,1,'2024-08-15 21:54:12',NULL),(154,21,0,'2024-08-15 22:03:25',NULL),(154,26,0,'2024-08-15 22:03:45',NULL),(154,27,1,'2024-08-15 22:03:54',NULL),(154,28,0,'2024-08-15 22:04:03',NULL),(154,81,1,'2024-08-15 22:03:34',NULL),(155,17,0,'2024-08-15 22:05:22',NULL),(155,28,1,'2024-08-15 22:04:53',NULL),(155,70,0,'2024-08-15 22:05:22',NULL),(155,81,1,'2024-08-15 22:05:28',NULL),(155,84,1,'2024-08-15 22:05:15',NULL),(156,20,1,'2024-08-15 22:07:50',NULL),(156,26,0,'2024-08-15 22:08:28',NULL),(156,28,1,'2024-08-15 22:08:35',NULL),(156,31,1,'2024-08-15 22:08:19',NULL),(156,84,0,'2024-08-15 22:07:41',NULL),(157,10,0,'2024-08-15 22:22:16',NULL),(157,21,0,'2024-08-15 22:22:37',NULL),(157,22,1,'2024-08-15 22:22:47',NULL),(157,29,0,'2024-08-15 22:23:07',NULL),(157,84,1,'2024-08-15 22:22:24',NULL),(160,10,1,'2024-08-15 22:41:55',NULL),(160,22,0,'2024-08-15 22:43:12',NULL),(160,26,1,'2024-08-15 22:43:02',NULL),(160,28,1,'2024-08-15 22:42:52',NULL),(160,81,0,'2024-08-15 22:42:42',NULL),(162,10,0,'2024-08-15 22:51:22',NULL),(162,29,1,'2024-08-15 22:51:55',NULL),(162,30,0,'2024-08-15 22:52:06',NULL),(162,31,0,'2024-08-15 22:51:45',NULL),(162,84,1,'2024-08-15 22:51:32',NULL),(163,92,1,'2024-08-15 23:09:27',NULL),(163,93,1,'2024-08-15 23:10:40',NULL),(163,94,0,'2024-08-15 23:11:03',NULL),(163,95,0,'2024-08-15 23:11:43',NULL),(163,96,1,'2024-08-15 23:12:15',NULL);
/*!40000 ALTER TABLE `battle_apply_user` ENABLE KEYS */;
UNLOCK TABLES;

--
-- Table structure for table `battle_board`
--

DROP TABLE IF EXISTS `battle_board`;
/*!40101 SET @saved_cs_client     = @@character_set_client */;
/*!50503 SET character_set_client = utf8mb4 */;
CREATE TABLE `battle_board` (
  `id` bigint NOT NULL AUTO_INCREMENT,
  `regist_user_id` bigint NOT NULL,
  `opposite_user_id` bigint DEFAULT NULL,
  `vote_info_id` bigint NOT NULL,
  `min_people_count` int NOT NULL DEFAULT '0',
  `max_people_count` int DEFAULT '1000',
  `battle_rule` text,
  `regist_date` timestamp NOT NULL DEFAULT CURRENT_TIMESTAMP,
  `rejection_reason` varchar(255) DEFAULT NULL,
  `image_url` varchar(255) DEFAULT NULL,
  `live_uri` varchar(255) DEFAULT NULL,
  `is_deleted` bit(1) NOT NULL,
  `room_id` bigint DEFAULT NULL,
  PRIMARY KEY (`id`),
  KEY `regist_user_id` (`regist_user_id`),
  KEY `opposite_user_id` (`opposite_user_id`),
  KEY `vote_info_id` (`vote_info_id`),
  KEY `fk_room` (`room_id`),
  CONSTRAINT `battle_board_ibfk_1` FOREIGN KEY (`regist_user_id`) REFERENCES `user` (`id`),
  CONSTRAINT `battle_board_ibfk_2` FOREIGN KEY (`opposite_user_id`) REFERENCES `user` (`id`),
  CONSTRAINT `battle_board_ibfk_3` FOREIGN KEY (`vote_info_id`) REFERENCES `vote_info` (`id`)
) ENGINE=InnoDB AUTO_INCREMENT=164 DEFAULT CHARSET=utf8mb4 COLLATE=utf8mb4_0900_ai_ci;
/*!40101 SET character_set_client = @saved_cs_client */;

--
-- Dumping data for table `battle_board`
--

LOCK TABLES `battle_board` WRITE;
/*!40000 ALTER TABLE `battle_board` DISABLE KEYS */;
INSERT INTO `battle_board` VALUES (6,9,10,12,0,10,'','2024-08-10 14:38:09',NULL,'/static/images/thumbnail/6.jpg',NULL,_binary '\0',1),(7,17,14,13,0,1,'','2024-08-10 15:37:22',NULL,'/static/images/thumbnail/127.jpg',NULL,_binary '\0',3),(9,9,15,16,0,300,'','2024-08-11 22:00:40',NULL,NULL,NULL,_binary '\0',NULL),(10,9,15,17,0,100,'','2024-08-11 22:16:56',NULL,NULL,NULL,_binary '\0',NULL),(11,20,21,18,0,10,'','2024-08-12 10:19:08',NULL,NULL,NULL,_binary '\0',NULL),(12,12,17,22,0,9,'','2024-08-12 12:19:59',NULL,NULL,NULL,_binary '\0',NULL),(13,22,26,23,0,10,'','2024-08-12 14:04:35',NULL,'/static/images/thumbnail/13.jpg',NULL,_binary '\0',NULL),(14,27,28,24,0,10,'','2024-08-12 14:04:53',NULL,NULL,NULL,_binary '\0',NULL),(15,17,14,26,0,6,'','2024-08-12 14:22:28','이딴거 왜먹음',NULL,NULL,_binary '\0',NULL),(16,32,14,27,0,6,'','2024-08-12 14:25:37',NULL,NULL,NULL,_binary '\0',NULL),(17,20,22,31,0,99,'','2024-08-12 15:08:23',NULL,NULL,NULL,_binary '\0',NULL),(18,26,22,32,0,100,'','2024-08-12 15:13:29',NULL,NULL,NULL,_binary '\0',NULL),(19,12,22,36,0,10,'','2024-08-12 19:21:28',NULL,NULL,NULL,_binary '\0',NULL),(20,27,22,37,0,10,'','2024-08-12 19:35:02',NULL,NULL,NULL,_binary '\0',NULL),(21,27,22,38,0,20,'','2024-08-12 19:35:49',NULL,NULL,NULL,_binary '\0',NULL),(22,22,28,39,0,10,'','2024-08-12 19:37:51',NULL,'/static/images/thumbnail/22.jpg',NULL,_binary '\0',NULL),(23,20,21,41,3,10,'최소 3명, 최대 10명이 참여할 수 있으며, 참여자들은 각각 바다와 산 중 하나를 선택하여 투표합니다.','2024-08-12 23:53:23',NULL,'/static/images/thumbnail/23.jpg',NULL,_binary '\0',NULL),(24,12,13,42,3,10,'최소 3명, 최대 10명이 참여할 수 있으며, 강아지와 고양이 중 하나를 선택하여 투표합니다.','2024-08-12 23:53:23',NULL,'/static/images/thumbnail/24.jpg',NULL,_binary '\0',NULL),(25,14,15,43,3,10,'최소 3명, 최대 10명이 참여할 수 있으며, 해외여행과 국내여행 중 하나를 선택하여 투표합니다.','2024-08-12 23:53:23',NULL,'/static/images/thumbnail/25.jpg',NULL,_binary '\0',NULL),(26,16,17,44,3,10,'최소 3명, 최대 10명이 참여할 수 있으며, 치킨과 피자 중 하나를 선택하여 투표합니다.','2024-08-12 23:53:23',NULL,'/static/images/thumbnail/26.jpg',NULL,_binary '\0',NULL),(27,18,19,45,3,10,'최소 3명, 최대 10명이 참여할 수 있으며, 콘서트와 영화 중 하나를 선택하여 투표합니다.','2024-08-12 23:53:23',NULL,'/static/images/thumbnail/27.jpg',NULL,_binary '\0',NULL),(28,20,21,46,3,10,'최소 3명, 최대 10명이 참여할 수 있으며, 축구와 농구 중 하나를 선택하여 투표합니다.','2024-08-12 23:53:23',NULL,'/static/images/thumbnail/28.jpg',NULL,_binary '\0',NULL),(29,22,23,47,3,10,'최소 3명, 최대 10명이 참여할 수 있으며, 롤과 오버워치 중 하나를 선택하여 투표합니다.','2024-08-12 23:53:23',NULL,'/static/images/thumbnail/29.jpg',NULL,_binary '\0',NULL),(30,24,25,48,3,10,'최소 3명, 최대 10명이 참여할 수 있으며, 봄과 가을 중 하나를 선택하여 투표합니다.','2024-08-12 23:53:23',NULL,'/static/images/thumbnail/30.jpg',NULL,_binary '\0',NULL),(31,26,27,49,3,10,'최소 3명, 최대 10명이 참여할 수 있으며, 해변에서 놀기와 산에서 캠핑 중 하나를 선택하여 투표합니다.','2024-08-12 23:53:23',NULL,'/static/images/thumbnail/31.jpg',NULL,_binary '\0',NULL),(32,28,29,50,3,10,'최소 3명, 최대 10명이 참여할 수 있으며, 아침형 인간과 저녁형 인간 중 하나를 선택하여 투표합니다.','2024-08-12 23:53:23',NULL,'/static/images/thumbnail/32.jpg',NULL,_binary '\0',NULL),(33,30,31,51,3,10,'최소 3명, 최대 10명이 참여할 수 있으며, 팝콘과 나초 중 하나를 선택하여 투표합니다.','2024-08-12 23:53:24',NULL,'/static/images/thumbnail/33.jpg',NULL,_binary '\0',NULL),(34,12,13,52,3,10,'최소 3명, 최대 10명이 참여할 수 있으며, 휴대전화와 생존도구 중 하나를 선택하여 투표합니다.','2024-08-13 00:01:16',NULL,'/static/images/thumbnail/34.jpg',NULL,_binary '\0',NULL),(35,14,15,53,3,10,'최소 3명, 최대 10명이 참여할 수 있으며, 투명인간과 순간이동 중 하나를 선택하여 투표합니다.','2024-08-13 00:01:16',NULL,'/static/images/thumbnail/35.jpg',NULL,_binary '\0',NULL),(36,16,17,54,3,10,'최소 3명, 최대 10명이 참여할 수 있으며, 과거와 미래 중 하나를 선택하여 투표합니다.','2024-08-13 00:01:16',NULL,NULL,NULL,_binary '\0',NULL),(38,20,21,56,3,10,'최소 3명, 최대 10명이 참여할 수 있으며, 게임 캐릭터로 현실에서 살기와 가상현실 속 현실처럼 살기 중 하나를 선택하여 투표합니다.','2024-08-13 00:01:17',NULL,'/static/images/thumbnail/38.jpg',NULL,_binary '\0',NULL),(39,22,23,57,3,10,'최소 3명, 최대 10명이 참여할 수 있으며, 초밥과 피자 중 하나를 선택하여 투표합니다.','2024-08-13 00:01:17',NULL,'/static/images/thumbnail/39.jpg',NULL,_binary '\0',NULL),(40,24,25,58,3,10,'최소 3명, 최대 10명이 참여할 수 있으며, 여름과 겨울 중 하나를 선택하여 투표합니다.','2024-08-13 00:01:17',NULL,'/static/images/thumbnail/40.jpg',NULL,_binary '\0',NULL),(41,26,27,59,3,10,'최소 3명, 최대 10명이 참여할 수 있으며, 친근하게 다가간다와 조심스럽게 접근한다 중 하나를 선택하여 투표합니다.','2024-08-13 00:01:17',NULL,NULL,NULL,_binary '\0',NULL),(43,30,31,61,3,10,'최소 3명, 최대 10명이 참여할 수 있으며, 음악 없는 세상과 책 없는 세상 중 하나를 선택하여 투표합니다.','2024-08-13 00:01:17',NULL,NULL,NULL,_binary '\0',NULL),(44,15,22,62,3,10,'최소 3명, 최대 10명이 참여할 수 있으며, 피자와 초밥 중 하나를 선택하여 투표합니다.','2024-08-13 00:10:29',NULL,'/static/images/thumbnail/44.jpg',NULL,_binary '\0',NULL),(45,18,29,63,3,10,'최소 3명, 최대 10명이 참여할 수 있으며, 투명인간과 시간 정지 중 하나를 선택하여 투표합니다.','2024-08-13 00:10:29',NULL,NULL,NULL,_binary '\0',NULL),(46,14,27,64,3,10,'최소 3명, 최대 10명이 참여할 수 있으며, 독서와 운동 중 하나를 선택하여 투표합니다.','2024-08-13 00:10:29',NULL,'/static/images/thumbnail/46.jpg',NULL,_binary '\0',NULL),(47,20,31,65,3,10,'최소 3명, 최대 10명이 참여할 수 있으며, 바닷가와 산 중 하나를 선택하여 투표합니다.','2024-08-13 00:10:29',NULL,NULL,NULL,_binary '\0',NULL),(48,23,28,66,3,10,'최소 3명, 최대 10명이 참여할 수 있으며, 롤과 배틀그라운드 중 하나를 선택하여 투표합니다.','2024-08-13 00:10:29',NULL,NULL,NULL,_binary '\0',NULL),(49,16,25,67,3,10,'최소 3명, 최대 10명이 참여할 수 있으며, 아이스크림과 케이크 중 하나를 선택하여 투표합니다.','2024-08-13 00:10:29',NULL,'/static/images/thumbnail/49.jpg',NULL,_binary '\0',NULL),(50,17,24,68,3,10,'최소 3명, 최대 10명이 참여할 수 있으며, BTS와 아이유 중 하나를 선택하여 투표합니다.','2024-08-13 00:10:29',NULL,'/static/images/thumbnail/50.jpg',NULL,_binary '\0',NULL),(51,13,30,69,3,10,'최소 3명, 최대 10명이 참여할 수 있으며, 액션과 로맨스 중 하나를 선택하여 투표합니다.','2024-08-13 00:10:29',NULL,'/static/images/thumbnail/51.jpg',NULL,_binary '\0',NULL),(52,19,21,70,3,10,'최소 3명, 최대 10명이 참여할 수 있으며, 순간이동과 투명인간 중 하나를 선택하여 투표합니다.','2024-08-13 00:10:29',NULL,NULL,NULL,_binary '\0',NULL),(53,12,26,71,3,10,'잠실의 주인은 LG 트윈스, twins라는 뜻과같이 쌍둥이 캐릭터를 마스코트로 삼고 있다.','2024-08-13 00:10:29',NULL,'/static/images/thumbnail/53.jpg',NULL,_binary '\0',NULL),(54,12,15,72,3,10,'최소 3명, 최대 10명이 참여할 수 있으며, Python과 JavaScript 중 하나를 선택하여 투표합니다.','2024-08-13 00:16:52',NULL,NULL,NULL,_binary '\0',NULL),(55,14,16,73,3,10,'최소 3명, 최대 10명이 참여할 수 있으며, 코드 품질과 빠른 개발 속도 중 하나를 선택하여 투표합니다.','2024-08-13 00:16:52',NULL,NULL,NULL,_binary '\0',NULL),(56,17,20,74,3,10,'최소 3명, 최대 10명이 참여할 수 있으며, Windows와 Linux 중 하나를 선택하여 투표합니다.','2024-08-13 00:16:52',NULL,NULL,NULL,_binary '\0',NULL),(57,19,21,75,3,10,'최소 3명, 최대 10명이 참여할 수 있으며, 온라인 강의와 책 중 하나를 선택하여 투표합니다.','2024-08-13 00:16:52',NULL,NULL,NULL,_binary '\0',NULL),(58,18,22,76,3,10,'최소 3명, 최대 10명이 참여할 수 있으며, Git과 SVN 중 하나를 선택하여 투표합니다.','2024-08-13 00:16:52',NULL,NULL,NULL,_binary '\0',NULL),(59,23,24,77,3,10,'최소 3명, 최대 10명이 참여할 수 있으며, 웹 개발과 데이터 사이언스 중 하나를 선택하여 투표합니다.','2024-08-13 00:16:52',NULL,NULL,NULL,_binary '\0',NULL),(60,13,27,78,3,10,'최소 3명, 최대 10명이 참여할 수 있으며, 주석 달기와 코드 리팩토링 중 하나를 선택하여 투표합니다.','2024-08-13 00:16:52',NULL,NULL,NULL,_binary '\0',NULL),(61,25,28,79,3,10,'최소 3명, 최대 10명이 참여할 수 있으며, 객체 지향 프로그래밍과 함수형 프로그래밍 중 하나를 선택하여 투표합니다.','2024-08-13 00:16:52',NULL,NULL,NULL,_binary '\0',NULL),(62,26,29,80,3,10,'최소 3명, 최대 10명이 참여할 수 있으며, 문제 해결 능력과 커뮤니케이션 능력 중 하나를 선택하여 투표합니다.','2024-08-13 00:16:52',NULL,NULL,NULL,_binary '\0',NULL),(63,30,31,81,3,10,'최소 3명, 최대 10명이 참여할 수 있으며, 일정 준수와 팀워크 중 하나를 선택하여 투표합니다.','2024-08-13 00:16:52',NULL,NULL,NULL,_binary '\0',NULL),(64,15,22,82,3,10,'최소 3명, 최대 10명이 참여할 수 있으며, 고급 레스토랑과 영화관 중 하나를 선택하여 투표합니다.','2024-08-13 00:19:51',NULL,'/static/images/thumbnail/64.jpg',NULL,_binary '\0',NULL),(65,14,19,83,3,10,'최소 3명, 최대 10명이 참여할 수 있으며, 직접 말로 표현하기와 편지 쓰기 중 하나를 선택하여 투표합니다.','2024-08-13 00:19:51',NULL,'/static/images/thumbnail/65.jpg',NULL,_binary '\0',NULL),(66,16,24,84,3,10,'최소 3명, 최대 10명이 참여할 수 있으며, 귀여움과 섹시함 중 하나를 선택하여 투표합니다.','2024-08-13 00:19:51',NULL,'/static/images/thumbnail/66.jpg',NULL,_binary '\0',NULL),(67,17,25,85,3,10,'최소 3명, 최대 10명이 참여할 수 있으며, 첫사랑과 현재의 사랑 중 하나를 선택하여 투표합니다.','2024-08-13 00:19:51',NULL,'/static/images/thumbnail/67.jpg',NULL,_binary '\0',NULL),(68,18,28,86,3,10,'최소 3명, 최대 10명이 참여할 수 있으며, 가수와 배우 중 하나를 선택하여 투표합니다.','2024-08-13 00:19:51',NULL,'/static/images/thumbnail/68.jpg',NULL,_binary '\0',NULL),(69,13,27,87,3,10,'최소 3명, 최대 10명이 참여할 수 있으며, 노트북과 라라랜드 중 하나를 선택하여 투표합니다.','2024-08-13 00:19:51',NULL,'/static/images/thumbnail/69.jpg',NULL,_binary '\0',NULL),(70,20,23,88,3,10,'최소 3명, 최대 10명이 참여할 수 있으며, 블랙핑크 제니와 방탄소년단 RM 중 하나를 선택하여 투표합니다.','2024-08-13 00:19:51',NULL,'/static/images/thumbnail/70.jpg',NULL,_binary '\0',NULL),(71,21,26,89,3,10,'최소 3명, 최대 10명이 참여할 수 있으며, 오랜 연애와 짧고 강렬한 연애 중 하나를 선택하여 투표합니다.','2024-08-13 00:19:51',NULL,'/static/images/thumbnail/71.jpg',NULL,_binary '\0',NULL),(72,19,31,90,3,10,'최소 3명, 최대 10명이 참여할 수 있으며, 포트나이트와 리그 오브 레전드 중 하나를 선택하여 투표합니다.','2024-08-13 00:19:52',NULL,'/static/images/thumbnail/72.jpg',NULL,_binary '\0',NULL),(73,12,30,91,3,10,'최소 3명, 최대 10명이 참여할 수 있으며, 레트로 게임과 최신 게임 중 하나를 선택하여 투표합니다.','2024-08-13 00:19:52',NULL,NULL,NULL,_binary '\0',NULL),(74,10,24,93,0,12,'','2024-08-13 09:42:07',NULL,'/static/images/thumbnail/74.jpg',NULL,_binary '\0',NULL),(75,24,19,94,0,333,'','2024-08-13 09:43:46',NULL,NULL,NULL,_binary '\0',NULL),(76,24,19,95,0,33,'','2024-08-13 09:44:41','마라탕은 뭐든맛있음',NULL,NULL,_binary '\0',NULL),(77,10,19,96,0,22,'','2024-08-13 10:14:05',NULL,NULL,NULL,_binary '\0',NULL),(78,4,14,97,0,12,'','2024-08-13 10:23:43','z',NULL,NULL,_binary '\0',NULL),(79,4,14,98,0,11,'','2024-08-13 10:31:54','zz',NULL,NULL,_binary '\0',NULL),(80,4,14,99,0,1,'','2024-08-13 10:34:19','zzz',NULL,NULL,_binary '\0',NULL),(81,10,19,100,0,3,'','2024-08-13 10:39:48',NULL,NULL,NULL,_binary '\0',NULL),(82,10,3,101,0,5,'','2024-08-13 10:58:48',NULL,NULL,NULL,_binary '\0',NULL),(83,10,33,102,0,6,'','2024-08-13 11:00:23',NULL,NULL,NULL,_binary '\0',NULL),(84,19,24,103,0,10000,'','2024-08-13 11:58:57','싫어!',NULL,NULL,_binary '\0',NULL),(85,35,24,104,0,33,'','2024-08-13 12:02:51','싫어!',NULL,NULL,_binary '\0',NULL),(86,35,24,105,0,33,'','2024-08-13 12:06:01','배불러',NULL,NULL,_binary '\0',NULL),(87,35,24,106,0,33,'','2024-08-13 12:09:23','마라탕이라서..나도..',NULL,NULL,_binary '\0',NULL),(88,19,4,107,0,12,'','2024-08-13 12:16:39',NULL,NULL,NULL,_binary '\0',NULL),(89,20,21,109,0,10,'','2024-08-13 12:36:33',NULL,NULL,NULL,_binary '\0',NULL),(90,19,24,110,0,10,'','2024-08-13 12:37:05','ㄹㄴㅇㄹ',NULL,NULL,_binary '\0',NULL),(91,35,24,111,0,3,'','2024-08-13 12:40:01',NULL,NULL,NULL,_binary '\0',NULL),(92,35,24,112,0,33,'','2024-08-13 13:43:34',NULL,NULL,NULL,_binary '\0',NULL),(93,35,24,113,0,33,'','2024-08-13 13:50:52',NULL,NULL,NULL,_binary '\0',NULL),(94,35,24,114,0,3,'','2024-08-13 13:51:55',NULL,NULL,NULL,_binary '\0',NULL),(95,24,35,115,0,33,'','2024-08-13 13:54:39','ddddddd',NULL,NULL,_binary '\0',NULL),(96,24,35,116,0,33,'','2024-08-13 13:55:13','dddddd',NULL,NULL,_binary '\0',NULL),(97,24,35,117,0,33,'','2024-08-13 13:55:44','ddd',NULL,NULL,_binary '\0',NULL),(98,24,35,118,0,33,'','2024-08-13 14:17:57',NULL,NULL,NULL,_binary '\0',NULL),(99,24,35,119,0,33,'','2024-08-13 14:22:31',NULL,NULL,NULL,_binary '\0',NULL),(100,20,21,120,0,9,'','2024-08-13 15:16:25',NULL,NULL,NULL,_binary '\0',NULL),(101,28,31,121,0,5,'','2024-08-13 15:17:15',NULL,NULL,NULL,_binary '\0',NULL),(102,20,14,122,0,5,'','2024-08-13 15:18:49','',NULL,NULL,_binary '\0',NULL),(103,20,4,123,0,778,'','2024-08-13 15:19:12',NULL,NULL,NULL,_binary '\0',NULL),(104,20,12,124,0,999,'','2024-08-13 15:20:10',NULL,NULL,NULL,_binary '\0',NULL),(105,28,20,126,0,5,'','2024-08-13 15:22:01',NULL,NULL,NULL,_binary '\0',NULL),(106,27,31,127,0,100,'','2024-08-13 15:27:24',NULL,NULL,NULL,_binary '\0',NULL),(107,27,31,128,0,16,'','2024-08-13 15:28:18',NULL,NULL,NULL,_binary '\0',NULL),(108,10,3,129,0,99,'','2024-08-13 16:10:08',NULL,NULL,NULL,_binary '\0',NULL),(109,10,3,130,0,99,'','2024-08-13 16:17:34',NULL,NULL,NULL,_binary '\0',NULL),(110,31,19,131,0,6,'','2024-08-13 17:27:46',NULL,NULL,NULL,_binary '\0',NULL),(111,31,19,132,0,5,'','2024-08-13 17:31:29',NULL,NULL,NULL,_binary '\0',NULL),(112,10,20,133,0,5,'','2024-08-13 17:47:18',NULL,NULL,NULL,_binary '\0',NULL),(113,10,20,134,0,6,'','2024-08-13 17:51:19',NULL,NULL,NULL,_binary '\0',NULL),(114,17,14,136,0,99,'','2024-08-13 18:21:58',NULL,NULL,NULL,_binary '\0',NULL),(115,15,19,138,0,5,'','2024-08-13 20:31:51',NULL,NULL,NULL,_binary '\0',NULL),(116,10,20,139,0,5,'','2024-08-13 22:48:15',NULL,NULL,NULL,_binary '\0',NULL),(117,20,10,140,0,99,'','2024-08-13 23:02:13',NULL,NULL,NULL,_binary '\0',NULL),(118,38,41,141,0,5,'','2024-08-13 23:08:37',NULL,NULL,NULL,_binary '\0',NULL),(119,10,20,142,0,99,'','2024-08-13 23:27:39',NULL,NULL,NULL,_binary '\0',NULL),(120,41,38,143,0,99,'','2024-08-13 23:31:09',NULL,'/static/images/thumbnail/120.jpg',NULL,_binary '\0',NULL),(121,38,41,144,0,99,'','2024-08-13 23:33:51',NULL,'/static/images/thumbnail/121.jpg',NULL,_binary '\0',NULL),(122,20,10,145,0,99,'','2024-08-13 23:34:46',NULL,NULL,NULL,_binary '\0',NULL),(123,41,38,146,0,99,'','2024-08-13 23:37:35',NULL,NULL,NULL,_binary '\0',NULL),(124,10,19,147,0,99,'','2024-08-13 23:41:17',NULL,NULL,NULL,_binary '\0',NULL),(125,38,41,148,0,5,'','2024-08-13 23:42:55',NULL,'/static/images/thumbnail/125.jpg',NULL,_binary '\0',NULL),(126,10,20,149,0,5,'','2024-08-14 00:40:23',NULL,'/static/images/thumbnail/126.jpg',NULL,_binary '\0',NULL),(128,5,6,151,0,99,'','2024-08-14 00:58:15',NULL,'/static/images/thumbnail/128.jpg',NULL,_binary '\0',NULL),(129,68,67,152,0,99,'','2024-08-14 01:31:01',NULL,'/static/images/thumbnail/155.jpg',NULL,_binary '\0',NULL),(130,7,8,153,0,5,'','2024-08-14 01:42:02',NULL,'/static/images/thumbnail/130.jpg',NULL,_binary '\0',NULL),(131,38,12,154,0,99,'','2024-08-14 12:42:24',NULL,NULL,NULL,_binary '\0',NULL),(132,35,24,155,0,99,'','2024-08-14 12:43:38',NULL,NULL,NULL,_binary '\0',NULL),(133,35,24,156,0,33,'','2024-08-14 12:50:53','ㅇㅇㄻㅇㄹ',NULL,NULL,_binary '\0',NULL),(134,24,35,157,0,33,'','2024-08-14 12:53:01','ㅇㄻㄻㅇㄹㄹ',NULL,NULL,_binary '\0',NULL),(135,12,42,158,0,99,'','2024-08-14 12:55:00',NULL,NULL,NULL,_binary '\0',NULL),(136,24,35,159,0,6,'','2024-08-14 13:01:26','ㅁㄹㄻㅇ',NULL,NULL,_binary '\0',NULL),(137,49,50,165,0,6,'','2024-08-14 14:10:36',NULL,NULL,NULL,_binary '\0',NULL),(138,52,53,166,0,80,'','2024-08-14 14:41:16',NULL,'/static/images/thumbnail/138.jpg',NULL,_binary '\0',NULL),(139,55,56,168,0,10,'','2024-08-14 14:43:58',NULL,'/static/images/thumbnail/139.jpg',NULL,_binary '\0',NULL),(140,52,53,171,0,5,'','2024-08-14 15:09:11',NULL,NULL,NULL,_binary '\0',NULL),(141,17,50,172,0,99,'','2024-08-14 15:09:42',NULL,NULL,NULL,_binary '\0',NULL),(142,20,50,173,0,5,'','2024-08-14 15:11:08',NULL,NULL,NULL,_binary '\0',NULL),(143,67,68,174,0,5,'','2024-08-14 16:42:40',NULL,'/static/images/thumbnail/143.jpg',NULL,_binary '\0',NULL),(144,44,45,176,0,5,'','2024-08-15 15:40:18',NULL,'/static/images/thumbnail/144.jpg',NULL,_binary '\0',NULL),(145,78,79,177,0,5,'','2024-08-15 16:13:12',NULL,'/static/images/thumbnail/145.jpg',NULL,_binary '\0',NULL),(146,80,46,183,0,5,'','2024-08-15 18:29:14',NULL,'/static/images/thumbnail/146.jpg',NULL,_binary '\0',NULL),(147,30,10,195,0,99,'','2024-08-15 19:31:07',NULL,NULL,NULL,_binary '\0',NULL),(148,10,20,196,0,99,'','2024-08-15 19:36:10',NULL,NULL,NULL,_binary '\0',NULL),(149,20,10,197,0,99,'','2024-08-15 20:01:50',NULL,NULL,NULL,_binary '\0',NULL),(150,10,20,198,0,99,'','2024-08-15 20:26:13',NULL,NULL,NULL,_binary '\0',NULL),(151,10,68,199,0,5,'','2024-08-15 21:14:36',NULL,'/static/images/thumbnail/151.jpg',NULL,_binary '\0',NULL),(152,10,67,200,0,7,'','2024-08-15 21:25:16',NULL,'/static/images/thumbnail/152.jpg',NULL,_binary '\0',NULL),(153,68,10,211,0,5,'','2024-08-15 21:51:11',NULL,'/static/images/thumbnail/153.jpg',NULL,_binary '\0',NULL),(154,84,20,212,0,5,'','2024-08-15 22:02:30',NULL,'/static/images/thumbnail/154.jpg',NULL,_binary '\0',NULL),(155,68,86,213,0,5,'','2024-08-15 22:04:04',NULL,'/static/images/thumbnail/129.jpg',NULL,_binary '\0',NULL),(156,81,10,214,0,5,'','2024-08-15 22:07:12',NULL,'/static/images/thumbnail/156.jpg',NULL,_binary '\0',NULL),(157,28,81,215,0,5,'','2024-08-15 22:11:22',NULL,'/static/images/thumbnail/157.jpg',NULL,_binary '\0',NULL),(158,12,70,216,0,10,'','2024-08-15 22:39:19',NULL,NULL,NULL,_binary '\0',NULL),(159,12,70,217,0,10,'','2024-08-15 22:40:26',NULL,NULL,NULL,_binary '\0',NULL),(160,21,20,218,0,5,'','2024-08-15 22:40:34',NULL,'/static/images/thumbnail/160.jpg',NULL,_binary '\0',NULL),(161,12,70,219,0,10,'','2024-08-15 22:41:34',NULL,NULL,NULL,_binary '\0',NULL),(162,22,81,220,0,5,'','2024-08-15 22:50:44',NULL,'/static/images/thumbnail/162.jpg',NULL,_binary '\0',NULL),(163,90,91,222,0,5,'','2024-08-15 23:08:28',NULL,'/static/images/thumbnail/163.jpg',NULL,_binary '\0',NULL);
/*!40000 ALTER TABLE `battle_board` ENABLE KEYS */;
UNLOCK TABLES;

--
-- Table structure for table `interest`
--

DROP TABLE IF EXISTS `interest`;
/*!40101 SET @saved_cs_client     = @@character_set_client */;
/*!50503 SET character_set_client = utf8mb4 */;
CREATE TABLE `interest` (
  `id` bigint NOT NULL AUTO_INCREMENT,
  `user_id` bigint NOT NULL,
  `category` int NOT NULL,
  `count` int NOT NULL DEFAULT '0',
  PRIMARY KEY (`id`),
  KEY `user_id` (`user_id`),
  CONSTRAINT `interest_ibfk_1` FOREIGN KEY (`user_id`) REFERENCES `user` (`id`)
) ENGINE=InnoDB AUTO_INCREMENT=167 DEFAULT CHARSET=utf8mb4 COLLATE=utf8mb4_0900_ai_ci;
/*!40101 SET character_set_client = @saved_cs_client */;

--
-- Dumping data for table `interest`
--

LOCK TABLES `interest` WRITE;
/*!40000 ALTER TABLE `interest` DISABLE KEYS */;
INSERT INTO `interest` VALUES (5,15,6,1),(6,15,2,1),(7,15,0,1),(61,21,1,1),(62,21,5,1),(65,22,0,1),(66,22,3,1),(67,22,6,1),(68,22,1,1),(97,28,2,1),(98,28,1,1),(99,28,0,1),(100,28,3,1),(101,31,0,1),(117,20,2,1),(125,17,1,1),(126,17,2,1),(127,17,4,1),(128,17,5,1),(129,17,0,1),(130,38,0,1),(131,12,0,1),(132,12,5,1),(133,12,2,1),(134,10,1,1),(135,10,2,1),(140,50,0,1),(141,50,1,1),(142,50,2,1),(143,50,5,1),(144,50,6,1),(145,69,1,1),(146,71,2,1),(147,71,1,1),(149,67,4,1),(150,34,2,1),(151,34,3,1),(152,34,0,1),(153,14,4,1),(154,14,5,1),(155,72,3,1),(156,72,1,1),(157,72,5,1),(158,70,0,1),(159,70,2,1),(160,70,5,1),(161,4,1,1),(162,4,2,1),(163,4,3,1),(164,68,0,1),(165,68,1,1),(166,68,2,1);
/*!40000 ALTER TABLE `interest` ENABLE KEYS */;
UNLOCK TABLES;

--
-- Table structure for table `live_apply_user`
--

DROP TABLE IF EXISTS `live_apply_user`;
/*!40101 SET @saved_cs_client     = @@character_set_client */;
/*!50503 SET character_set_client = utf8mb4 */;
CREATE TABLE `live_apply_user` (
  `battle_board_id` bigint NOT NULL,
  `participant_id` bigint NOT NULL,
  `in_time` timestamp NOT NULL DEFAULT CURRENT_TIMESTAMP,
  `out_time` timestamp NULL DEFAULT NULL,
  `role` varchar(100) DEFAULT NULL,
  PRIMARY KEY (`battle_board_id`,`participant_id`),
  KEY `battle_board_id` (`battle_board_id`),
  KEY `participant_id` (`participant_id`),
  CONSTRAINT `live_apply_user_ibfk_1` FOREIGN KEY (`battle_board_id`) REFERENCES `battle_board` (`id`) ON DELETE CASCADE,
  CONSTRAINT `live_apply_user_ibfk_2` FOREIGN KEY (`participant_id`) REFERENCES `user` (`id`)
) ENGINE=InnoDB DEFAULT CHARSET=utf8mb4 COLLATE=utf8mb4_0900_ai_ci;
/*!40101 SET character_set_client = @saved_cs_client */;

--
-- Dumping data for table `live_apply_user`
--

LOCK TABLES `live_apply_user` WRITE;
/*!40000 ALTER TABLE `live_apply_user` DISABLE KEYS */;
INSERT INTO `live_apply_user` VALUES (6,19,'2024-08-12 10:50:05',NULL,'viewer'),(6,26,'2024-08-15 12:26:57',NULL,'viewer'),(7,10,'2024-08-12 16:52:42',NULL,'viewer'),(7,12,'2024-08-12 12:12:36',NULL,'viewer'),(7,14,'2024-08-11 21:39:59',NULL,'broadcaster'),(7,15,'2024-08-12 13:49:54',NULL,'viewer'),(7,17,'2024-08-11 21:20:23',NULL,'broadcaster'),(7,18,'2024-08-12 13:51:19',NULL,'viewer'),(7,19,'2024-08-12 12:11:47',NULL,'viewer'),(7,20,'2024-08-12 17:19:24',NULL,'viewer'),(7,21,'2024-08-13 12:51:01',NULL,'viewer'),(7,22,'2024-08-12 22:31:56',NULL,'viewer'),(7,24,'2024-08-12 12:11:48',NULL,'viewer'),(7,25,'2024-08-12 11:47:58',NULL,'viewer'),(7,26,'2024-08-12 17:31:20',NULL,'viewer'),(7,27,'2024-08-12 17:08:15',NULL,'viewer'),(7,28,'2024-08-13 15:13:14',NULL,'viewer'),(7,30,'2024-08-12 22:34:00',NULL,'viewer'),(7,33,'2024-08-12 17:28:51',NULL,'viewer'),(7,35,'2024-08-13 12:58:08',NULL,'viewer'),(7,38,'2024-08-14 00:45:55',NULL,'viewer'),(7,41,'2024-08-14 14:33:28',NULL,'viewer'),(7,42,'2024-08-14 12:56:29',NULL,'viewer'),(7,47,'2024-08-14 13:35:11',NULL,'viewer'),(7,48,'2024-08-14 13:41:45',NULL,'viewer'),(7,49,'2024-08-14 15:18:35',NULL,'viewer'),(7,58,'2024-08-14 14:31:38',NULL,'viewer'),(7,65,'2024-08-14 16:59:40',NULL,'viewer'),(7,67,'2024-08-14 16:59:23',NULL,'viewer'),(7,72,'2024-08-15 16:36:04',NULL,'viewer'),(7,81,'2024-08-15 20:12:44',NULL,'viewer'),(11,12,'2024-08-12 15:09:56',NULL,'viewer'),(11,14,'2024-08-12 15:06:28',NULL,'viewer'),(11,15,'2024-08-12 15:06:34',NULL,'viewer'),(11,20,'2024-08-12 15:08:42',NULL,'broadcaster'),(11,21,'2024-08-12 15:07:33',NULL,'broadcaster'),(11,22,'2024-08-12 15:05:11',NULL,'viewer'),(11,24,'2024-08-12 15:08:28',NULL,'viewer'),(11,26,'2024-08-12 15:10:51',NULL,'viewer'),(13,4,'2024-08-13 23:10:22',NULL,'viewer'),(13,10,'2024-08-12 15:23:29',NULL,'viewer'),(13,12,'2024-08-12 15:14:46',NULL,'viewer'),(13,14,'2024-08-12 15:18:18',NULL,'viewer'),(13,15,'2024-08-12 15:12:02',NULL,'viewer'),(13,17,'2024-08-12 17:32:56',NULL,'viewer'),(13,20,'2024-08-12 15:15:19',NULL,'viewer'),(13,21,'2024-08-12 15:14:33',NULL,'viewer'),(13,22,'2024-08-12 17:32:17',NULL,'broadcaster'),(13,24,'2024-08-12 15:06:42',NULL,'viewer'),(13,26,'2024-08-12 15:13:53',NULL,'broadcaster'),(13,27,'2024-08-12 19:28:57',NULL,'viewer'),(13,30,'2024-08-12 22:34:15',NULL,'viewer'),(13,33,'2024-08-12 17:48:46',NULL,'viewer'),(13,38,'2024-08-13 23:11:30',NULL,'viewer'),(13,42,'2024-08-14 13:05:04',NULL,'viewer'),(14,24,'2024-08-12 15:14:56',NULL,'viewer'),(14,26,'2024-08-12 15:13:45',NULL,'viewer'),(15,26,'2024-08-15 12:42:43',NULL,'viewer'),(19,22,'2024-08-12 19:31:08',NULL,'broadcaster'),(19,27,'2024-08-12 19:30:43',NULL,'viewer'),(19,28,'2024-08-12 19:39:55',NULL,'viewer'),(23,20,'2024-08-13 15:26:41',NULL,'broadcaster'),(23,24,'2024-08-14 09:04:21',NULL,'viewer'),(23,38,'2024-08-14 12:32:52',NULL,'viewer'),(23,64,'2024-08-14 15:51:48',NULL,'viewer'),(24,10,'2024-08-13 15:03:21',NULL,'viewer'),(24,12,'2024-08-13 00:03:55',NULL,'broadcaster'),(24,14,'2024-08-13 18:04:34',NULL,'viewer'),(24,19,'2024-08-13 08:52:29',NULL,'viewer'),(24,24,'2024-08-13 17:22:58',NULL,'viewer'),(24,28,'2024-08-13 15:02:52',NULL,'viewer'),(24,36,'2024-08-13 12:29:36',NULL,'viewer'),(24,38,'2024-08-14 11:52:43',NULL,'viewer'),(24,47,'2024-08-14 13:35:19',NULL,'viewer'),(24,77,'2024-08-15 10:21:33',NULL,'viewer'),(25,14,'2024-08-13 00:12:25',NULL,'broadcaster'),(25,19,'2024-08-13 11:41:46',NULL,'viewer'),(25,24,'2024-08-13 17:07:30',NULL,'viewer'),(26,10,'2024-08-13 08:46:48',NULL,'viewer'),(26,12,'2024-08-15 16:55:47',NULL,'viewer'),(26,14,'2024-08-13 23:43:28',NULL,'viewer'),(26,26,'2024-08-14 14:31:45',NULL,'viewer'),(29,10,'2024-08-15 15:07:24',NULL,'viewer'),(29,14,'2024-08-15 22:32:35',NULL,'viewer'),(29,20,'2024-08-13 22:50:11',NULL,'viewer'),(29,24,'2024-08-14 14:51:23',NULL,'viewer'),(29,38,'2024-08-14 13:56:29',NULL,'viewer'),(29,77,'2024-08-15 10:08:00',NULL,'viewer'),(30,14,'2024-08-13 00:20:48',NULL,'viewer'),(30,24,'2024-08-13 09:08:14',NULL,'broadcaster'),(30,33,'2024-08-13 09:08:45',NULL,'viewer'),(30,35,'2024-08-13 09:18:01',NULL,'viewer'),(30,38,'2024-08-14 14:52:49',NULL,'viewer'),(30,64,'2024-08-14 15:40:18',NULL,'viewer'),(31,20,'2024-08-14 15:08:04',NULL,'viewer'),(31,24,'2024-08-14 13:45:41',NULL,'viewer'),(31,26,'2024-08-14 12:16:16',NULL,'broadcaster'),(34,12,'2024-08-14 13:15:33',NULL,'broadcaster'),(34,14,'2024-08-15 16:06:19',NULL,'viewer'),(34,38,'2024-08-14 12:47:32',NULL,'viewer'),(35,4,'2024-08-15 16:35:25',NULL,'viewer'),(35,14,'2024-08-13 16:40:49',NULL,'broadcaster'),(35,24,'2024-08-14 13:56:18',NULL,'viewer'),(36,17,'2024-08-13 15:37:31',NULL,'broadcaster'),(38,10,'2024-08-13 15:06:11',NULL,'viewer'),(38,12,'2024-08-13 15:10:14',NULL,'viewer'),(38,14,'2024-08-14 10:12:44',NULL,'viewer'),(38,17,'2024-08-13 15:06:31',NULL,'viewer'),(38,19,'2024-08-13 15:07:39',NULL,'viewer'),(38,20,'2024-08-13 15:06:25',NULL,'broadcaster'),(38,21,'2024-08-13 15:08:06',NULL,'broadcaster'),(38,22,'2024-08-13 15:05:51',NULL,'viewer'),(38,24,'2024-08-14 14:24:59',NULL,'viewer'),(38,26,'2024-08-15 12:34:30',NULL,'viewer'),(38,28,'2024-08-13 15:06:22',NULL,'viewer'),(38,34,'2024-08-14 18:52:52',NULL,'viewer'),(38,52,'2024-08-14 15:14:01',NULL,'viewer'),(38,75,'2024-08-14 16:49:45',NULL,'viewer'),(38,81,'2024-08-15 20:11:14',NULL,'viewer'),(39,10,'2024-08-14 15:27:46',NULL,'viewer'),(39,20,'2024-08-14 15:14:44',NULL,'viewer'),(39,38,'2024-08-14 13:15:52',NULL,'viewer'),(39,52,'2024-08-14 15:20:21',NULL,'viewer'),(39,75,'2024-08-14 16:48:57',NULL,'viewer'),(40,24,'2024-08-14 14:25:05',NULL,'broadcaster'),(40,34,'2024-08-14 18:53:16',NULL,'viewer'),(40,67,'2024-08-14 22:42:57',NULL,'viewer'),(40,72,'2024-08-15 19:17:34',NULL,'viewer'),(40,97,'2024-08-15 23:33:41',NULL,'viewer'),(43,24,'2024-08-14 13:38:10',NULL,'viewer'),(44,38,'2024-08-14 12:50:17',NULL,'viewer'),(46,14,'2024-08-14 14:24:29',NULL,'broadcaster'),(46,36,'2024-08-13 12:27:20',NULL,'viewer'),(46,42,'2024-08-14 13:06:16',NULL,'viewer'),(48,38,'2024-08-14 01:14:14',NULL,'viewer'),(49,10,'2024-08-15 15:31:56',NULL,'viewer'),(49,24,'2024-08-14 14:13:09',NULL,'viewer'),(49,26,'2024-08-15 12:27:46',NULL,'viewer'),(49,38,'2024-08-14 13:13:32',NULL,'viewer'),(50,10,'2024-08-14 13:55:38',NULL,'viewer'),(50,14,'2024-08-13 17:22:31',NULL,'viewer'),(50,17,'2024-08-13 17:22:52',NULL,'broadcaster'),(50,38,'2024-08-14 13:37:06',NULL,'viewer'),(51,14,'2024-08-13 16:41:41',NULL,'viewer'),(51,24,'2024-08-13 17:33:57',NULL,'viewer'),(51,38,'2024-08-14 13:29:58',NULL,'viewer'),(53,14,'2024-08-13 13:46:09',NULL,'viewer'),(53,38,'2024-08-14 13:40:36',NULL,'viewer'),(53,67,'2024-08-15 17:41:48',NULL,'viewer'),(53,72,'2024-08-15 18:12:38',NULL,'viewer'),(54,12,'2024-08-13 20:35:10',NULL,'broadcaster'),(54,14,'2024-08-13 10:11:57',NULL,'viewer'),(54,20,'2024-08-13 15:03:17',NULL,'viewer'),(54,24,'2024-08-13 17:31:29',NULL,'viewer'),(54,28,'2024-08-13 15:05:17',NULL,'viewer'),(54,35,'2024-08-13 20:34:46',NULL,'viewer'),(55,10,'2024-08-13 08:46:50',NULL,'viewer'),(55,14,'2024-08-13 13:52:01',NULL,'broadcaster'),(55,19,'2024-08-13 04:03:51',NULL,'viewer'),(55,20,'2024-08-13 17:58:51',NULL,'viewer'),(55,31,'2024-08-13 15:20:02',NULL,'viewer'),(55,34,'2024-08-13 00:32:28',NULL,'viewer'),(56,14,'2024-08-13 17:59:51',NULL,'viewer'),(56,34,'2024-08-13 00:33:32',NULL,'viewer'),(57,12,'2024-08-13 12:31:55',NULL,'viewer'),(57,14,'2024-08-13 13:44:27',NULL,'viewer'),(57,17,'2024-08-13 12:12:02',NULL,'viewer'),(57,19,'2024-08-13 14:09:13',NULL,'broadcaster'),(57,28,'2024-08-13 15:04:15',NULL,'viewer'),(57,31,'2024-08-13 15:19:23',NULL,'viewer'),(58,14,'2024-08-13 13:25:35',NULL,'viewer'),(58,17,'2024-08-13 15:37:23',NULL,'viewer'),(58,20,'2024-08-13 15:23:43',NULL,'viewer'),(58,24,'2024-08-13 14:11:04',NULL,'viewer'),(58,31,'2024-08-13 15:19:57',NULL,'viewer'),(58,34,'2024-08-13 00:39:25',NULL,'viewer'),(58,36,'2024-08-13 12:28:57',NULL,'viewer'),(59,24,'2024-08-13 12:51:38',NULL,'broadcaster'),(59,33,'2024-08-13 14:33:17',NULL,'viewer'),(59,35,'2024-08-13 12:51:25',NULL,'viewer'),(60,14,'2024-08-13 13:25:25',NULL,'viewer'),(60,15,'2024-08-13 13:46:03',NULL,'viewer'),(60,17,'2024-08-13 11:40:45',NULL,'viewer'),(60,21,'2024-08-13 15:33:14',NULL,'viewer'),(60,24,'2024-08-13 17:32:06',NULL,'viewer'),(60,35,'2024-08-13 13:02:58',NULL,'viewer'),(60,36,'2024-08-13 12:27:11',NULL,'viewer'),(61,14,'2024-08-13 12:01:08',NULL,'viewer'),(61,24,'2024-08-13 14:32:21',NULL,'viewer'),(62,14,'2024-08-13 13:52:33',NULL,'viewer'),(62,21,'2024-08-13 15:33:44',NULL,'viewer'),(63,14,'2024-08-13 13:52:16',NULL,'viewer'),(63,21,'2024-08-13 15:33:58',NULL,'viewer'),(63,22,'2024-08-13 15:01:35',NULL,'viewer'),(64,10,'2024-08-14 13:10:20',NULL,'viewer'),(64,14,'2024-08-14 10:11:47',NULL,'viewer'),(64,17,'2024-08-14 16:41:30',NULL,'viewer'),(64,19,'2024-08-13 11:42:44',NULL,'viewer'),(64,24,'2024-08-13 12:00:23',NULL,'viewer'),(64,26,'2024-08-14 14:32:00',NULL,'viewer'),(64,35,'2024-08-13 14:23:57',NULL,'viewer'),(64,36,'2024-08-13 12:27:26',NULL,'viewer'),(64,38,'2024-08-14 11:54:57',NULL,'viewer'),(64,50,'2024-08-14 15:21:56',NULL,'viewer'),(64,52,'2024-08-14 15:20:02',NULL,'viewer'),(64,65,'2024-08-14 17:00:55',NULL,'viewer'),(64,67,'2024-08-14 17:11:33',NULL,'viewer'),(64,72,'2024-08-15 18:50:46',NULL,'viewer'),(64,75,'2024-08-14 16:48:45',NULL,'viewer'),(64,89,'2024-08-15 22:57:05',NULL,'viewer'),(65,4,'2024-08-13 21:53:33',NULL,'viewer'),(65,10,'2024-08-13 22:32:27',NULL,'viewer'),(65,12,'2024-08-14 14:36:54',NULL,'viewer'),(65,14,'2024-08-13 16:43:18',NULL,'broadcaster'),(65,19,'2024-08-13 12:44:45',NULL,'broadcaster'),(65,24,'2024-08-13 15:54:32',NULL,'viewer'),(65,26,'2024-08-14 13:11:03',NULL,'viewer'),(65,38,'2024-08-14 12:48:34',NULL,'viewer'),(65,56,'2024-08-14 14:55:12',NULL,'viewer'),(66,12,'2024-08-15 21:45:34',NULL,'viewer'),(66,34,'2024-08-14 18:53:06',NULL,'viewer'),(66,67,'2024-08-15 14:02:37',NULL,'viewer'),(67,17,'2024-08-14 11:53:44',NULL,'broadcaster'),(67,22,'2024-08-14 11:55:32',NULL,'viewer'),(67,42,'2024-08-14 12:56:21',NULL,'viewer'),(68,14,'2024-08-15 22:17:06',NULL,'viewer'),(68,26,'2024-08-15 12:28:16',NULL,'viewer'),(68,38,'2024-08-14 14:08:36',NULL,'viewer'),(69,26,'2024-08-15 12:27:54',NULL,'viewer'),(69,38,'2024-08-14 13:49:25',NULL,'viewer'),(69,75,'2024-08-14 16:49:12',NULL,'viewer'),(70,22,'2024-08-13 15:04:18',NULL,'viewer'),(70,26,'2024-08-15 12:28:05',NULL,'viewer'),(70,38,'2024-08-14 14:07:22',NULL,'viewer'),(70,72,'2024-08-15 19:17:37',NULL,'viewer'),(70,75,'2024-08-14 16:49:17',NULL,'viewer'),(71,12,'2024-08-15 16:56:05',NULL,'viewer'),(72,17,'2024-08-14 19:38:52',NULL,'viewer'),(72,19,'2024-08-13 11:42:54',NULL,'broadcaster'),(72,24,'2024-08-13 17:54:25',NULL,'viewer'),(72,28,'2024-08-15 21:46:22',NULL,'viewer'),(72,36,'2024-08-14 16:40:05',NULL,'viewer'),(72,38,'2024-08-14 01:15:38',NULL,'viewer'),(72,65,'2024-08-14 16:39:31',NULL,'viewer'),(72,66,'2024-08-14 16:53:19',NULL,'viewer'),(72,67,'2024-08-14 17:13:22',NULL,'viewer'),(72,69,'2024-08-14 16:44:56',NULL,'viewer'),(120,10,'2024-08-15 20:13:06',NULL,'viewer'),(120,22,'2024-08-15 22:49:23',NULL,'viewer'),(120,67,'2024-08-15 21:04:40',NULL,'viewer'),(121,10,'2024-08-15 15:45:41',NULL,'viewer'),(121,12,'2024-08-15 16:56:34',NULL,'viewer'),(125,20,'2024-08-14 15:07:41',NULL,'viewer'),(125,21,'2024-08-14 15:16:43',NULL,'viewer'),(125,24,'2024-08-14 14:50:29',NULL,'viewer'),(125,49,'2024-08-14 15:13:50',NULL,'viewer'),(125,50,'2024-08-14 15:14:21',NULL,'viewer'),(126,10,'2024-08-14 00:50:20',NULL,'broadcaster'),(126,28,'2024-08-14 00:44:33',NULL,'viewer'),(128,38,'2024-08-14 01:13:32',NULL,'viewer'),(128,50,'2024-08-14 15:13:55',NULL,'viewer'),(128,65,'2024-08-14 16:45:09',NULL,'viewer'),(128,75,'2024-08-14 16:49:25',NULL,'viewer'),(129,10,'2024-08-14 01:41:46',NULL,'viewer'),(129,12,'2024-08-15 21:50:29',NULL,'viewer'),(129,14,'2024-08-14 15:20:41',NULL,'viewer'),(129,20,'2024-08-14 15:06:24',NULL,'viewer'),(129,24,'2024-08-14 14:12:23',NULL,'viewer'),(129,26,'2024-08-15 12:44:20',NULL,'viewer'),(129,28,'2024-08-15 22:09:08',NULL,'viewer'),(129,34,'2024-08-14 18:52:03',NULL,'viewer'),(129,36,'2024-08-14 16:44:38',NULL,'viewer'),(129,38,'2024-08-14 12:18:33',NULL,'viewer'),(129,49,'2024-08-14 15:13:57',NULL,'viewer'),(129,50,'2024-08-14 15:06:29',NULL,'viewer'),(129,56,'2024-08-14 14:55:30',NULL,'viewer'),(129,65,'2024-08-14 16:40:26',NULL,'viewer'),(129,66,'2024-08-14 16:41:27',NULL,'viewer'),(129,67,'2024-08-14 17:11:19',NULL,'viewer'),(129,68,'2024-08-15 21:18:31',NULL,'viewer'),(129,71,'2024-08-14 16:44:27',NULL,'viewer'),(129,72,'2024-08-14 19:35:56',NULL,'viewer'),(129,77,'2024-08-15 10:02:48',NULL,'viewer'),(129,81,'2024-08-15 20:10:51',NULL,'viewer'),(129,84,'2024-08-15 21:55:40',NULL,'viewer'),(129,86,'2024-08-15 22:00:33',NULL,'viewer'),(129,89,'2024-08-15 22:55:34',NULL,'viewer'),(130,10,'2024-08-14 09:35:00',NULL,'viewer'),(130,12,'2024-08-14 11:58:54',NULL,'viewer'),(130,14,'2024-08-14 13:08:04',NULL,'viewer'),(130,24,'2024-08-14 09:09:48',NULL,'viewer'),(130,35,'2024-08-14 14:37:12',NULL,'viewer'),(130,38,'2024-08-14 09:05:57',NULL,'viewer'),(130,65,'2024-08-14 16:40:05',NULL,'viewer'),(130,67,'2024-08-14 17:09:29',NULL,'viewer'),(130,71,'2024-08-14 16:43:04',NULL,'viewer'),(130,72,'2024-08-15 19:17:42',NULL,'viewer'),(130,77,'2024-08-15 10:14:16',NULL,'viewer'),(137,10,'2024-08-14 15:26:45',NULL,'viewer'),(137,17,'2024-08-14 19:38:13',NULL,'viewer'),(137,20,'2024-08-14 15:12:29',NULL,'viewer'),(137,21,'2024-08-14 15:17:19',NULL,'viewer'),(137,26,'2024-08-15 12:33:53',NULL,'viewer'),(137,34,'2024-08-14 18:51:47',NULL,'viewer'),(137,49,'2024-08-14 15:16:14',NULL,'broadcaster'),(137,50,'2024-08-14 15:11:53',NULL,'broadcaster'),(137,52,'2024-08-14 15:17:17',NULL,'viewer'),(137,63,'2024-08-14 15:15:51',NULL,'viewer'),(137,66,'2024-08-14 16:41:09',NULL,'viewer'),(137,67,'2024-08-14 17:16:36',NULL,'viewer'),(137,69,'2024-08-14 16:44:50',NULL,'viewer'),(137,77,'2024-08-15 10:02:59',NULL,'viewer'),(138,20,'2024-08-14 15:03:17',NULL,'viewer'),(138,21,'2024-08-14 15:16:34',NULL,'viewer'),(138,26,'2024-08-15 12:43:26',NULL,'viewer'),(138,31,'2024-08-14 15:04:39',NULL,'viewer'),(138,49,'2024-08-14 15:17:07',NULL,'viewer'),(138,50,'2024-08-14 15:05:45',NULL,'viewer'),(138,52,'2024-08-14 15:04:09',NULL,'broadcaster'),(138,53,'2024-08-14 15:05:22',NULL,'broadcaster'),(138,63,'2024-08-14 15:06:06',NULL,'viewer'),(138,67,'2024-08-15 13:59:16',NULL,'viewer'),(139,26,'2024-08-15 12:35:12',NULL,'viewer'),(143,17,'2024-08-14 16:46:36',NULL,'viewer'),(143,36,'2024-08-14 16:46:20',NULL,'viewer'),(143,65,'2024-08-14 16:53:57',NULL,'viewer'),(143,66,'2024-08-14 16:53:24',NULL,'viewer'),(143,67,'2024-08-14 16:46:05',NULL,'broadcaster'),(143,68,'2024-08-14 16:46:04',NULL,'broadcaster'),(143,70,'2024-08-14 16:46:18',NULL,'viewer'),(143,72,'2024-08-14 16:46:32',NULL,'viewer'),(143,73,'2024-08-14 16:46:52',NULL,'viewer'),(143,76,'2024-08-14 16:51:37',NULL,'viewer'),(144,10,'2024-08-15 15:49:00',NULL,'viewer'),(145,12,'2024-08-15 16:55:04',NULL,'viewer'),(145,14,'2024-08-15 16:22:39',NULL,'viewer'),(145,67,'2024-08-15 16:51:50',NULL,'viewer'),(146,67,'2024-08-15 18:40:20',NULL,'viewer'),(153,10,'2024-08-15 21:59:00',NULL,'broadcaster'),(153,67,'2024-08-15 21:55:12',NULL,'viewer'),(153,68,'2024-08-15 21:55:07',NULL,'broadcaster'),(155,10,'2024-08-15 22:11:53',NULL,'viewer'),(155,14,'2024-08-15 22:30:10',NULL,'viewer'),(155,29,'2024-08-15 22:26:05',NULL,'viewer'),(155,68,'2024-08-15 22:11:16',NULL,'broadcaster'),(155,70,'2024-08-15 22:11:05',NULL,'viewer'),(155,75,'2024-08-15 22:21:15',NULL,'viewer'),(155,86,'2024-08-15 22:11:10',NULL,'broadcaster'),(155,87,'2024-08-15 22:17:38',NULL,'viewer'),(155,88,'2024-08-15 22:38:07',NULL,'viewer'),(155,89,'2024-08-15 22:55:37',NULL,'viewer'),(155,97,'2024-08-15 23:33:08',NULL,'viewer');
/*!40000 ALTER TABLE `live_apply_user` ENABLE KEYS */;
UNLOCK TABLES;

--
-- Table structure for table `live_chat`
--

DROP TABLE IF EXISTS `live_chat`;
/*!40101 SET @saved_cs_client     = @@character_set_client */;
/*!50503 SET character_set_client = utf8mb4 */;
CREATE TABLE `live_chat` (
  `id` bigint NOT NULL AUTO_INCREMENT,
  `battle_board_id` bigint NOT NULL,
  `user_id` bigint NOT NULL,
  `chat_context` text NOT NULL,
  `regist_date` timestamp NOT NULL DEFAULT CURRENT_TIMESTAMP,
  `selected_opinion` int NOT NULL,
  `has_request` bit(1) NOT NULL DEFAULT b'0',
  PRIMARY KEY (`id`),
  KEY `battle_board_id` (`battle_board_id`),
  KEY `user_id` (`user_id`),
  CONSTRAINT `live_chat_ibfk_1` FOREIGN KEY (`battle_board_id`) REFERENCES `battle_board` (`id`),
  CONSTRAINT `live_chat_ibfk_2` FOREIGN KEY (`user_id`) REFERENCES `user` (`id`)
) ENGINE=InnoDB DEFAULT CHARSET=utf8mb4 COLLATE=utf8mb4_0900_ai_ci;
/*!40101 SET character_set_client = @saved_cs_client */;

--
-- Dumping data for table `live_chat`
--

LOCK TABLES `live_chat` WRITE;
/*!40000 ALTER TABLE `live_chat` DISABLE KEYS */;
/*!40000 ALTER TABLE `live_chat` ENABLE KEYS */;
UNLOCK TABLES;

--
-- Table structure for table `live_item`
--

DROP TABLE IF EXISTS `live_item`;
/*!40101 SET @saved_cs_client     = @@character_set_client */;
/*!50503 SET character_set_client = utf8mb4 */;
CREATE TABLE `live_item` (
  `id` bigint NOT NULL AUTO_INCREMENT,
  `battle_board_id` bigint NOT NULL,
  `user_id` bigint NOT NULL,
  `item_code` int NOT NULL,
  `used_date` timestamp NULL DEFAULT NULL,
  PRIMARY KEY (`id`),
  KEY `battle_board_id` (`battle_board_id`),
  KEY `user_id` (`user_id`),
  CONSTRAINT `live_item_ibfk_1` FOREIGN KEY (`battle_board_id`) REFERENCES `battle_board` (`id`),
  CONSTRAINT `live_item_ibfk_2` FOREIGN KEY (`user_id`) REFERENCES `user` (`id`)
) ENGINE=InnoDB DEFAULT CHARSET=utf8mb4 COLLATE=utf8mb4_0900_ai_ci;
/*!40101 SET character_set_client = @saved_cs_client */;

--
-- Dumping data for table `live_item`
--

LOCK TABLES `live_item` WRITE;
/*!40000 ALTER TABLE `live_item` DISABLE KEYS */;
/*!40000 ALTER TABLE `live_item` ENABLE KEYS */;
UNLOCK TABLES;

--
-- Table structure for table `live_voice_record`
--

DROP TABLE IF EXISTS `live_voice_record`;
/*!40101 SET @saved_cs_client     = @@character_set_client */;
/*!50503 SET character_set_client = utf8mb4 */;
CREATE TABLE `live_voice_record` (
  `id` bigint NOT NULL AUTO_INCREMENT,
  `battle_board_id` bigint NOT NULL,
  `user_id` bigint NOT NULL,
  `selected_opinion` int NOT NULL,
  `record_url` varchar(255) NOT NULL,
  `record_summary` text,
  `recording_id` varchar(255) DEFAULT NULL,
  PRIMARY KEY (`id`),
  KEY `battle_board_id` (`battle_board_id`),
  KEY `user_id` (`user_id`),
  CONSTRAINT `live_voice_record_ibfk_1` FOREIGN KEY (`battle_board_id`) REFERENCES `battle_board` (`id`),
  CONSTRAINT `live_voice_record_ibfk_2` FOREIGN KEY (`user_id`) REFERENCES `user` (`id`)
) ENGINE=InnoDB DEFAULT CHARSET=utf8mb4 COLLATE=utf8mb4_0900_ai_ci;
/*!40101 SET character_set_client = @saved_cs_client */;

--
-- Dumping data for table `live_voice_record`
--

LOCK TABLES `live_voice_record` WRITE;
/*!40000 ALTER TABLE `live_voice_record` DISABLE KEYS */;
/*!40000 ALTER TABLE `live_voice_record` ENABLE KEYS */;
UNLOCK TABLES;

--
-- Table structure for table `notify`
--

DROP TABLE IF EXISTS `notify`;
/*!40101 SET @saved_cs_client     = @@character_set_client */;
/*!50503 SET character_set_client = utf8mb4 */;
CREATE TABLE `notify` (
  `id` bigint NOT NULL AUTO_INCREMENT,
  `user_id` bigint NOT NULL,
  `battle_board_id` bigint DEFAULT NULL,
  `notify_code` int NOT NULL,
  `title` varchar(255) NOT NULL,
  `regist_date` timestamp NOT NULL DEFAULT CURRENT_TIMESTAMP,
  `is_read` tinyint NOT NULL DEFAULT '0',
  PRIMARY KEY (`id`),
  KEY `user_id` (`user_id`),
  KEY `battle_board_id` (`battle_board_id`),
  CONSTRAINT `notify_ibfk_1` FOREIGN KEY (`user_id`) REFERENCES `user` (`id`),
  CONSTRAINT `notify_ibfk_2` FOREIGN KEY (`battle_board_id`) REFERENCES `battle_board` (`id`) ON DELETE CASCADE ON UPDATE CASCADE
) ENGINE=InnoDB AUTO_INCREMENT=730 DEFAULT CHARSET=utf8mb4 COLLATE=utf8mb4_0900_ai_ci;
/*!40101 SET character_set_client = @saved_cs_client */;

--
-- Dumping data for table `notify`
--

LOCK TABLES `notify` WRITE;
/*!40000 ALTER TABLE `notify` DISABLE KEYS */;
INSERT INTO `notify` VALUES (2,11,7,0,'null님이 배틀을 신청했어요! 지금 바로 확인해보세요.','2024-08-10 15:37:22',0),(6,9,10,0,'[불닭 먹을까 말까] 배틀이 승낙되어 대기중입니다.','2024-08-11 22:17:22',1),(304,20,11,2,'[점심메뉴 선택]님이 배틀을 수락했습니다.','2024-08-12 10:20:03',1),(398,12,12,2,'[연봉 토론]님이 배틀을 수락했습니다.','2024-08-12 12:21:41',1),(400,12,12,1,'[연봉 토론] 라이브가 5분 후 시작됩니다!','2024-08-12 13:14:00',1),(403,15,12,1,'[연봉 토론] 라이브가 5분 후 시작됩니다!','2024-08-12 13:14:00',1),(404,19,12,1,'[연봉 토론] 라이브가 5분 후 시작됩니다!','2024-08-12 13:14:00',1),(405,25,12,1,'[연봉 토론] 라이브가 5분 후 시작됩니다!','2024-08-12 13:14:00',0),(408,27,14,2,'[여자들의 소울 푸드는??]님이 배틀을 수락했습니다.','2024-08-12 14:05:57',0),(409,22,13,2,'[치약을 누가먹음 ㅋㅋ]님이 배틀을 수락했습니다.','2024-08-12 14:06:24',1),(413,32,16,2,'[따뜻한 냉면 vs 차가운 라면]님이 배틀을 수락했습니다.','2024-08-12 14:28:04',1),(415,20,11,1,'[점심메뉴 선택] 라이브가 5분 후 시작됩니다!','2024-08-12 15:00:00',1),(416,9,11,1,'[점심메뉴 선택] 라이브가 5분 후 시작됩니다!','2024-08-12 15:00:00',0),(417,12,11,1,'[점심메뉴 선택] 라이브가 5분 후 시작됩니다!','2024-08-12 15:00:00',0),(419,18,11,1,'[점심메뉴 선택] 라이브가 5분 후 시작됩니다!','2024-08-12 15:00:00',0),(420,19,11,1,'[점심메뉴 선택] 라이브가 5분 후 시작됩니다!','2024-08-12 15:00:00',1),(422,25,11,1,'[점심메뉴 선택] 라이브가 5분 후 시작됩니다!','2024-08-12 15:00:00',0),(424,22,13,1,'[치약을 누가먹음 ㅋㅋ] 라이브가 5분 후 시작됩니다!','2024-08-12 15:00:00',1),(425,9,13,1,'[치약을 누가먹음 ㅋㅋ] 라이브가 5분 후 시작됩니다!','2024-08-12 15:00:00',0),(427,12,13,1,'[치약을 누가먹음 ㅋㅋ] 라이브가 5분 후 시작됩니다!','2024-08-12 15:00:00',0),(428,15,13,1,'[치약을 누가먹음 ㅋㅋ] 라이브가 5분 후 시작됩니다!','2024-08-12 15:00:00',1),(429,19,13,1,'[치약을 누가먹음 ㅋㅋ] 라이브가 5분 후 시작됩니다!','2024-08-12 15:00:00',1),(431,29,13,1,'[치약을 누가먹음 ㅋㅋ] 라이브가 5분 후 시작됩니다!','2024-08-12 15:00:00',0),(432,30,13,1,'[치약을 누가먹음 ㅋㅋ] 라이브가 5분 후 시작됩니다!','2024-08-12 15:00:00',0),(433,31,13,1,'[치약을 누가먹음 ㅋㅋ] 라이브가 5분 후 시작됩니다!','2024-08-12 15:00:00',0),(434,32,13,1,'[치약을 누가먹음 ㅋㅋ] 라이브가 5분 후 시작됩니다!','2024-08-12 15:00:00',0),(436,27,14,1,'[여자들의 소울 푸드는??] 라이브가 5분 후 시작됩니다!','2024-08-12 15:00:00',0),(437,9,14,1,'[여자들의 소울 푸드는??] 라이브가 5분 후 시작됩니다!','2024-08-12 15:00:00',0),(439,12,14,1,'[여자들의 소울 푸드는??] 라이브가 5분 후 시작됩니다!','2024-08-12 15:00:00',0),(440,15,14,1,'[여자들의 소울 푸드는??] 라이브가 5분 후 시작됩니다!','2024-08-12 15:00:00',1),(442,19,14,1,'[여자들의 소울 푸드는??] 라이브가 5분 후 시작됩니다!','2024-08-12 15:00:00',1),(444,29,14,1,'[여자들의 소울 푸드는??] 라이브가 5분 후 시작됩니다!','2024-08-12 15:00:00',0),(445,31,14,1,'[여자들의 소울 푸드는??] 라이브가 5분 후 시작됩니다!','2024-08-12 15:00:00',0),(446,32,14,1,'[여자들의 소울 푸드는??] 라이브가 5분 후 시작됩니다!','2024-08-12 15:00:00',0),(447,22,17,0,'ssafy1으로부터 도전장이 도착했습니다.','2024-08-12 15:08:23',1),(448,22,18,0,'ssafy4으로부터 도전장이 도착했습니다.','2024-08-12 15:13:29',1),(450,12,19,2,'[치킨의 단짝은?]님이 배틀을 수락했습니다.','2024-08-12 19:22:19',1),(453,27,21,2,'[이 시대의 아이돌 탑은?!?]님이 배틀을 수락했습니다.','2024-08-12 19:36:20',0),(455,22,22,2,'[휴대폰은?]님이 배틀을 수락했습니다.','2024-08-12 19:38:23',0),(456,21,23,1,'[바다 vs 산] 라이브가 5분 후 시작됩니다!','2024-08-12 23:54:00',0),(457,20,23,1,'[바다 vs 산] 라이브가 5분 후 시작됩니다!','2024-08-12 23:54:00',1),(458,13,24,1,'[강아지 vs 고양이] 라이브가 5분 후 시작됩니다!','2024-08-12 23:54:00',0),(459,12,24,1,'[강아지 vs 고양이] 라이브가 5분 후 시작됩니다!','2024-08-12 23:54:00',1),(460,15,25,1,'[해외여행 vs 국내여행] 라이브가 5분 후 시작됩니다!','2024-08-12 23:54:00',1),(462,17,26,1,'[치킨 vs 피자] 라이브가 5분 후 시작됩니다!','2024-08-12 23:54:00',0),(463,16,26,1,'[치킨 vs 피자] 라이브가 5분 후 시작됩니다!','2024-08-12 23:54:00',0),(464,19,27,1,'[콘서트 vs 영화] 라이브가 5분 후 시작됩니다!','2024-08-12 23:54:00',1),(465,18,27,1,'[콘서트 vs 영화] 라이브가 5분 후 시작됩니다!','2024-08-12 23:54:00',0),(466,21,28,1,'[축구 vs 농구] 라이브가 5분 후 시작됩니다!','2024-08-12 23:54:00',0),(467,20,28,1,'[축구 vs 농구] 라이브가 5분 후 시작됩니다!','2024-08-12 23:54:00',1),(468,23,29,1,'[롤 vs 오버워치] 라이브가 5분 후 시작됩니다!','2024-08-12 23:54:00',0),(469,22,29,1,'[롤 vs 오버워치] 라이브가 5분 후 시작됩니다!','2024-08-12 23:54:00',0),(470,25,30,1,'[봄 vs 가을] 라이브가 5분 후 시작됩니다!','2024-08-12 23:54:00',0),(472,27,31,1,'[해변에서 놀기 vs 산에서 캠핑] 라이브가 5분 후 시작됩니다!','2024-08-12 23:54:00',0),(473,26,31,1,'[해변에서 놀기 vs 산에서 캠핑] 라이브가 5분 후 시작됩니다!','2024-08-12 23:54:00',0),(474,29,32,1,'[아침형 인간 vs 저녁형 인간] 라이브가 5분 후 시작됩니다!','2024-08-12 23:54:00',0),(475,28,32,1,'[아침형 인간 vs 저녁형 인간] 라이브가 5분 후 시작됩니다!','2024-08-12 23:54:00',0),(476,31,33,1,'[영화관에서 팝콘 vs 나초] 라이브가 5분 후 시작됩니다!','2024-08-12 23:54:00',0),(477,30,33,1,'[영화관에서 팝콘 vs 나초] 라이브가 5분 후 시작됩니다!','2024-08-12 23:54:00',0),(478,15,54,1,'[프로그래밍 언어 하나만 사용할 수 있다면?] 라이브가 5분 후 시작됩니다!','2024-08-13 00:17:00',1),(479,12,54,1,'[프로그래밍 언어 하나만 사용할 수 있다면?] 라이브가 5분 후 시작됩니다!','2024-08-13 00:17:00',1),(480,16,55,1,'[프로그래머로서 중요하게 생각하는 것은?] 라이브가 5분 후 시작됩니다!','2024-08-13 00:17:00',0),(482,20,56,1,'[선호하는 개발 환경은?] 라이브가 5분 후 시작됩니다!','2024-08-13 00:17:00',1),(483,17,56,1,'[선호하는 개발 환경은?] 라이브가 5분 후 시작됩니다!','2024-08-13 00:17:00',0),(484,21,57,1,'[코딩을 배울 때 더 나은 방법은?] 라이브가 5분 후 시작됩니다!','2024-08-13 00:17:00',0),(485,19,57,1,'[코딩을 배울 때 더 나은 방법은?] 라이브가 5분 후 시작됩니다!','2024-08-13 00:17:00',1),(486,22,58,1,'[선호하는 버전 관리 시스템은?] 라이브가 5분 후 시작됩니다!','2024-08-13 00:17:00',1),(487,18,58,1,'[선호하는 버전 관리 시스템은?] 라이브가 5분 후 시작됩니다!','2024-08-13 00:17:00',0),(489,23,59,1,'[더 재미있는 프로그래밍 분야는?] 라이브가 5분 후 시작됩니다!','2024-08-13 00:17:00',0),(490,27,60,1,'[가장 중요한 코딩 습관은?] 라이브가 5분 후 시작됩니다!','2024-08-13 00:17:00',0),(491,13,60,1,'[가장 중요한 코딩 습관은?] 라이브가 5분 후 시작됩니다!','2024-08-13 00:17:00',0),(492,28,61,1,'[더 선호하는 프로그래밍 방식은?] 라이브가 5분 후 시작됩니다!','2024-08-13 00:17:00',0),(493,25,61,1,'[더 선호하는 프로그래밍 방식은?] 라이브가 5분 후 시작됩니다!','2024-08-13 00:17:00',0),(494,29,62,1,'[개발자로서 가장 중요하다고 생각하는 소프트 스킬은?] 라이브가 5분 후 시작됩니다!','2024-08-13 00:17:00',0),(495,26,62,1,'[개발자로서 가장 중요하다고 생각하는 소프트 스킬은?] 라이브가 5분 후 시작됩니다!','2024-08-13 00:17:00',0),(496,31,63,1,'[프로젝트 관리에서 중요한 것은?] 라이브가 5분 후 시작됩니다!','2024-08-13 00:17:00',1),(497,30,63,1,'[프로젝트 관리에서 중요한 것은?] 라이브가 5분 후 시작됩니다!','2024-08-13 00:17:00',0),(499,19,74,2,'[qqqq]님이 배틀을 수락했습니다.','2024-08-13 09:42:27',1),(504,22,44,1,'[평생 한 가지만 먹을 수 있다면?] 라이브가 5분 후 시작됩니다!','2024-08-13 09:55:00',1),(505,15,44,1,'[평생 한 가지만 먹을 수 있다면?] 라이브가 5분 후 시작됩니다!','2024-08-13 09:55:00',1),(506,29,45,1,'[하루 동안 초능력을 사용할 수 있다면?] 라이브가 5분 후 시작됩니다!','2024-08-13 09:55:00',0),(507,18,45,1,'[하루 동안 초능력을 사용할 수 있다면?] 라이브가 5분 후 시작됩니다!','2024-08-13 09:55:00',0),(508,27,46,1,'[평생 한 가지 취미만 할 수 있다면?] 라이브가 5분 후 시작됩니다!','2024-08-13 09:55:00',0),(511,20,47,1,'[여름에 가고 싶은 휴양지는?] 라이브가 5분 후 시작됩니다!','2024-08-13 09:55:00',1),(512,28,48,1,'[만약 하나의 게임만 할 수 있다면?] 라이브가 5분 후 시작됩니다!','2024-08-13 09:55:00',0),(513,23,48,1,'[만약 하나의 게임만 할 수 있다면?] 라이브가 5분 후 시작됩니다!','2024-08-13 09:55:00',0),(514,25,49,1,'[최고의 디저트는?] 라이브가 5분 후 시작됩니다!','2024-08-13 09:55:00',0),(515,16,49,1,'[최고의 디저트는?] 라이브가 5분 후 시작됩니다!','2024-08-13 09:55:00',0),(517,17,50,1,'[하루 동안 유명인과 시간을 보낼 수 있다면?] 라이브가 5분 후 시작됩니다!','2024-08-13 09:55:00',0),(518,30,51,1,'[영화 장르를 고른다면?] 라이브가 5분 후 시작됩니다!','2024-08-13 09:55:00',0),(519,13,51,1,'[영화 장르를 고른다면?] 라이브가 5분 후 시작됩니다!','2024-08-13 09:55:00',0),(520,21,52,1,'[초능력을 가질 수 있다면?] 라이브가 5분 후 시작됩니다!','2024-08-13 09:55:00',0),(521,19,52,1,'[초능력을 가질 수 있다면?] 라이브가 5분 후 시작됩니다!','2024-08-13 09:55:00',1),(522,26,53,1,'[최고의 스포츠는?] 라이브가 5분 후 시작됩니다!','2024-08-13 09:55:00',0),(523,12,53,1,'[최고의 스포츠는?] 라이브가 5분 후 시작됩니다!','2024-08-13 09:55:00',0),(524,19,77,0,'이프로으로부터 도전장이 도착했습니다.','2024-08-13 10:14:05',1),(531,19,81,0,'이프로으로부터 도전장이 도착했습니다.','2024-08-13 10:39:48',1),(532,22,64,1,'[이상형과의 데이트 코스 선택] 라이브가 5분 후 시작됩니다!','2024-08-13 10:56:00',1),(533,15,64,1,'[이상형과의 데이트 코스 선택] 라이브가 5분 후 시작됩니다!','2024-08-13 10:56:00',1),(534,19,65,1,'[사랑을 표현하는 최고의 방법] 라이브가 5분 후 시작됩니다!','2024-08-13 10:56:00',1),(537,16,66,1,'[이상형이 귀엽 vs 섹시] 라이브가 5분 후 시작됩니다!','2024-08-13 10:56:00',0),(538,25,67,1,'[영원히 한 사람만 사랑할 수 있다면?] 라이브가 5분 후 시작됩니다!','2024-08-13 10:56:00',0),(539,17,67,1,'[영원히 한 사람만 사랑할 수 있다면?] 라이브가 5분 후 시작됩니다!','2024-08-13 10:56:00',0),(540,28,68,1,'[만약 연예인이 될 수 있다면?] 라이브가 5분 후 시작됩니다!','2024-08-13 10:56:00',1),(541,18,68,1,'[만약 연예인이 될 수 있다면?] 라이브가 5분 후 시작됩니다!','2024-08-13 10:56:00',0),(542,27,69,1,'[최고의 연애 영화] 라이브가 5분 후 시작됩니다!','2024-08-13 10:56:00',0),(543,13,69,1,'[최고의 연애 영화] 라이브가 5분 후 시작됩니다!','2024-08-13 10:56:00',0),(544,23,70,1,'[연예인과 하루를 보낸다면?] 라이브가 5분 후 시작됩니다!','2024-08-13 10:56:00',0),(545,20,70,1,'[연예인과 하루를 보낸다면?] 라이브가 5분 후 시작됩니다!','2024-08-13 10:56:00',1),(546,26,71,1,'[오랜 연애 vs 짧고 강렬한 연애] 라이브가 5분 후 시작됩니다!','2024-08-13 10:56:00',0),(547,21,71,1,'[오랜 연애 vs 짧고 강렬한 연애] 라이브가 5분 후 시작됩니다!','2024-08-13 10:56:00',0),(549,19,72,1,'[하루 종일 할 수 있는 게임] 라이브가 5분 후 시작됩니다!','2024-08-13 10:56:00',1),(550,30,73,1,'[레트로 게임 vs 최신 게임] 라이브가 5분 후 시작됩니다!','2024-08-13 10:56:00',0),(551,12,73,1,'[레트로 게임 vs 최신 게임] 라이브가 5분 후 시작됩니다!','2024-08-13 10:56:00',0),(552,3,82,0,'이프로으로부터 도전장이 도착했습니다.','2024-08-13 10:58:48',0),(553,33,83,0,'이프로으로부터 도전장이 도착했습니다.','2024-08-13 11:00:23',0),(559,19,84,3,'[경찬이는 오늘 점심시간에]님이 배틀을 거절했습니다.','2024-08-13 12:13:33',1),(560,4,88,0,'조수욘두으로부터 도전장이 도착했습니다.','2024-08-13 12:16:39',0),(561,21,89,0,'ssafy1으로부터 도전장이 도착했습니다.','2024-08-13 12:36:33',0),(564,28,22,1,'[휴대폰은?] 라이브가 5분 후 시작됩니다!','2024-08-13 13:05:00',0),(565,22,22,1,'[휴대폰은?] 라이브가 5분 후 시작됩니다!','2024-08-13 13:05:00',1),(566,9,22,1,'[휴대폰은?] 라이브가 5분 후 시작됩니다!','2024-08-13 13:05:00',0),(567,12,22,1,'[휴대폰은?] 라이브가 5분 후 시작됩니다!','2024-08-13 13:05:00',0),(568,15,22,1,'[휴대폰은?] 라이브가 5분 후 시작됩니다!','2024-08-13 13:05:00',1),(569,19,22,1,'[휴대폰은?] 라이브가 5분 후 시작됩니다!','2024-08-13 13:05:00',1),(570,34,22,1,'[휴대폰은?] 라이브가 5분 후 시작됩니다!','2024-08-13 13:05:00',0),(571,36,22,1,'[휴대폰은?] 라이브가 5분 후 시작됩니다!','2024-08-13 13:05:00',0),(573,19,90,3,'[윤정스]님이 배틀을 거절했습니다.','2024-08-13 13:41:40',1),(591,13,34,1,'[무인도에 하나만 가져간다면?] 라이브가 5분 후 시작됩니다!','2024-08-13 15:05:00',0),(592,12,34,1,'[무인도에 하나만 가져간다면?] 라이브가 5분 후 시작됩니다!','2024-08-13 15:05:00',1),(593,15,35,1,'[초능력을 가진다면?] 라이브가 5분 후 시작됩니다!','2024-08-13 15:05:00',0),(595,17,36,1,'[타임머신이 있다면?] 라이브가 5분 후 시작됩니다!','2024-08-13 15:05:00',1),(596,16,36,1,'[타임머신이 있다면?] 라이브가 5분 후 시작됩니다!','2024-08-13 15:05:00',0),(599,21,38,1,'[현실에서 게임 캐릭터로 살기 vs 가상현실 속 현실처럼 살기] 라이브가 5분 후 시작됩니다!','2024-08-13 15:05:00',0),(600,20,38,1,'[현실에서 게임 캐릭터로 살기 vs 가상현실 속 현실처럼 살기] 라이브가 5분 후 시작됩니다!','2024-08-13 15:05:00',1),(601,23,39,1,'[무제한으로 먹을 수 있다면?] 라이브가 5분 후 시작됩니다!','2024-08-13 15:05:00',0),(602,22,39,1,'[무제한으로 먹을 수 있다면?] 라이브가 5분 후 시작됩니다!','2024-08-13 15:05:00',0),(603,25,40,1,'[1년 내내 여름 vs 1년 내내 겨울] 라이브가 5분 후 시작됩니다!','2024-08-13 15:05:00',0),(605,27,41,1,'[외계인과의 첫 접촉] 라이브가 5분 후 시작됩니다!','2024-08-13 15:05:00',0),(606,26,41,1,'[외계인과의 첫 접촉] 라이브가 5분 후 시작됩니다!','2024-08-13 15:05:00',0),(610,30,43,1,'[음악 없는 세상 vs 책 없는 세상] 라이브가 5분 후 시작됩니다!','2024-08-13 15:05:00',0),(612,20,100,2,'[ssafy2]님이 배틀을 수락했습니다.','2024-08-13 15:16:43',1),(614,28,101,2,'[ssafy9]님이 배틀을 수락했습니다.','2024-08-13 15:18:07',0),(616,4,103,0,'ssafy1으로부터 도전장이 도착했습니다.','2024-08-13 15:19:12',0),(618,20,104,2,'[쥬디]님이 배틀을 수락했습니다.','2024-08-13 15:20:21',1),(620,28,105,2,'[ssafy1]님이 배틀을 수락했습니다.','2024-08-13 15:22:22',0),(623,27,107,2,'[ssafy9]님이 배틀을 수락했습니다.','2024-08-13 15:28:48',0),(624,27,106,2,'[ssafy9]님이 배틀을 수락했습니다.','2024-08-13 15:28:50',0),(625,3,108,0,'이프로으로부터 도전장이 도착했습니다.','2024-08-13 16:10:08',0),(626,3,109,0,'이프로으로부터 도전장이 도착했습니다.','2024-08-13 16:17:34',0),(627,20,102,3,'[qwerty1]님이 배틀을 거절했습니다.','2024-08-13 17:07:03',1),(628,19,110,0,'ssafy9으로부터 도전장이 도착했습니다.','2024-08-13 17:27:46',1),(631,10,112,2,'[ssafy1]님이 배틀을 수락했습니다.','2024-08-13 17:47:40',1),(632,31,111,2,'[조수욘두]님이 배틀을 수락했습니다.','2024-08-13 17:51:16',0),(636,17,114,2,'[qwerty1]님이 배틀을 수락했습니다.','2024-08-13 18:22:27',0),(637,19,115,0,'수욘두으로부터 도전장이 도착했습니다.','2024-08-13 20:31:51',0),(641,20,117,2,'[이프로]님이 배틀을 수락했습니다.','2024-08-13 23:02:38',1),(643,38,118,2,'[t2]님이 배틀을 수락했습니다.','2024-08-13 23:08:54',0),(647,41,120,2,'[t1]님이 배틀을 수락했습니다.','2024-08-13 23:31:58',1),(649,38,121,2,'[t2]님이 배틀을 수락했습니다.','2024-08-13 23:34:30',0),(651,20,122,2,'[이프로]님이 배틀을 수락했습니다.','2024-08-13 23:35:46',1),(653,41,123,2,'[t1]님이 배틀을 수락했습니다.','2024-08-13 23:38:22',0),(654,19,124,0,'이프로으로부터 도전장이 도착했습니다.','2024-08-13 23:41:17',0),(656,38,125,2,'[t2]님이 배틀을 수락했습니다.','2024-08-13 23:43:24',0),(662,41,128,2,'[t1]님이 배틀을 수락했습니다.','2024-08-14 00:58:30',0),(664,38,129,2,'[t2]님이 배틀을 수락했습니다.','2024-08-14 01:31:19',0),(666,41,130,2,'[t1]님이 배틀을 수락했습니다.','2024-08-14 01:42:26',0),(669,35,132,2,'[윤정스]님이 배틀을 수락했습니다.','2024-08-14 12:49:58',1),(671,35,133,3,'[윤정스]님이 배틀을 거절했습니다.','2024-08-14 12:51:06',1),(672,38,131,2,'[쥬디]님이 배틀을 수락했습니다.','2024-08-14 12:52:49',0),(675,12,135,2,'[t3]님이 배틀을 수락했습니다.','2024-08-14 12:55:31',0),(676,24,134,3,'[마라탕탕후루후루]님이 배틀을 거절했습니다.','2024-08-14 12:59:33',1),(678,24,136,3,'[마라탕탕후루후루]님이 배틀을 거절했습니다.','2024-08-14 13:01:46',0),(680,49,137,2,'[leessafy]님이 배틀을 수락했습니다.','2024-08-14 14:40:01',1),(684,55,139,2,'[choissafy]님이 배틀을 수락했습니다.','2024-08-14 14:44:12',0),(688,17,141,2,'[소연코치]님이 배틀을 수락했습니다.','2024-08-14 15:09:59',0),(690,20,142,2,'[소연코치]님이 배틀을 수락했습니다.','2024-08-14 15:11:20',1),(692,67,143,2,'[경맨3]님이 배틀을 수락했습니다.','2024-08-14 16:43:05',1),(694,44,144,2,'[육개장]님이 배틀을 수락했습니다.','2024-08-15 15:40:37',0),(696,78,145,2,'[라떼]님이 배틀을 수락했습니다.','2024-08-15 16:13:40',0),(698,80,146,2,'[칠칠맞은자르반]님이 배틀을 수락했습니다.','2024-08-15 18:29:43',0),(700,30,147,2,'[외식고기]님이 배틀을 수락했습니다.','2024-08-15 19:31:24',0),(702,10,148,2,'[ssafy1]님이 배틀을 수락했습니다.','2024-08-15 19:36:41',1),(704,20,149,2,'[외식고기]님이 배틀을 수락했습니다.','2024-08-15 20:02:56',0),(706,10,150,2,'[ssafy1]님이 배틀을 수락했습니다.','2024-08-15 20:26:45',1),(708,10,151,2,'[경맨3]님이 배틀을 수락했습니다.','2024-08-15 21:16:24',1),(710,10,152,2,'[조수욘욘두]님이 배틀을 수락했습니다.','2024-08-15 21:25:44',1),(714,84,154,2,'[ssafy1]님이 배틀을 수락했습니다.','2024-08-15 22:03:13',0),(716,68,155,2,'[조수욘두부]님이 배틀을 수락했습니다.','2024-08-15 22:04:38',0),(718,81,156,2,'[외식고기]님이 배틀을 수락했습니다.','2024-08-15 22:07:30',0),(720,28,157,2,'[망고]님이 배틀을 수락했습니다.','2024-08-15 22:11:46',0),(721,70,158,0,'쥬디으로부터 도전장이 도착했습니다.','2024-08-15 22:39:19',0),(722,70,159,0,'쥬디으로부터 도전장이 도착했습니다.','2024-08-15 22:40:26',0),(724,21,160,2,'[ssafy1]님이 배틀을 수락했습니다.','2024-08-15 22:41:23',0),(725,70,161,0,'쥬디으로부터 도전장이 도착했습니다.','2024-08-15 22:41:34',0),(727,22,162,2,'[망고]님이 배틀을 수락했습니다.','2024-08-15 22:51:13',0),(729,90,163,2,'[슈붕이근본임]님이 배틀을 수락했습니다.','2024-08-15 23:08:43',0);
/*!40000 ALTER TABLE `notify` ENABLE KEYS */;
UNLOCK TABLES;

--
-- Table structure for table `penalty`
--

DROP TABLE IF EXISTS `penalty`;
/*!40101 SET @saved_cs_client     = @@character_set_client */;
/*!50503 SET character_set_client = utf8mb4 */;
CREATE TABLE `penalty` (
  `id` bigint NOT NULL AUTO_INCREMENT,
  `report_id` bigint NOT NULL,
  `user_id` bigint NOT NULL,
  `penalty_code` int NOT NULL,
  `regist_date` timestamp NOT NULL DEFAULT CURRENT_TIMESTAMP,
  PRIMARY KEY (`id`),
  KEY `report_id` (`report_id`),
  KEY `user_id` (`user_id`),
  CONSTRAINT `penalty_ibfk_1` FOREIGN KEY (`report_id`) REFERENCES `report` (`id`),
  CONSTRAINT `penalty_ibfk_2` FOREIGN KEY (`user_id`) REFERENCES `user` (`id`)
) ENGINE=InnoDB DEFAULT CHARSET=utf8mb4 COLLATE=utf8mb4_0900_ai_ci;
/*!40101 SET character_set_client = @saved_cs_client */;

--
-- Dumping data for table `penalty`
--

LOCK TABLES `penalty` WRITE;
/*!40000 ALTER TABLE `penalty` DISABLE KEYS */;
/*!40000 ALTER TABLE `penalty` ENABLE KEYS */;
UNLOCK TABLES;

--
-- Table structure for table `report`
--

DROP TABLE IF EXISTS `report`;
/*!40101 SET @saved_cs_client     = @@character_set_client */;
/*!50503 SET character_set_client = utf8mb4 */;
CREATE TABLE `report` (
  `id` bigint NOT NULL AUTO_INCREMENT,
  `regist_user_id` bigint NOT NULL,
  `table_code` int NOT NULL,
  `sequence_id` bigint NOT NULL,
  `reported_user_id` bigint NOT NULL,
  `report_code` int NOT NULL,
  `context` text NOT NULL,
  `regist_date` timestamp NOT NULL DEFAULT CURRENT_TIMESTAMP,
  `is_complete` bit(1) DEFAULT NULL,
  PRIMARY KEY (`id`),
  KEY `regist_user_id` (`regist_user_id`),
  KEY `reported_user_id` (`reported_user_id`),
  CONSTRAINT `report_ibfk_1` FOREIGN KEY (`regist_user_id`) REFERENCES `user` (`id`),
  CONSTRAINT `report_ibfk_2` FOREIGN KEY (`reported_user_id`) REFERENCES `user` (`id`)
) ENGINE=InnoDB DEFAULT CHARSET=utf8mb4 COLLATE=utf8mb4_0900_ai_ci;
/*!40101 SET character_set_client = @saved_cs_client */;

--
-- Dumping data for table `report`
--

LOCK TABLES `report` WRITE;
/*!40000 ALTER TABLE `report` DISABLE KEYS */;
/*!40000 ALTER TABLE `report` ENABLE KEYS */;
UNLOCK TABLES;

--
-- Table structure for table `user`
--

DROP TABLE IF EXISTS `user`;
/*!40101 SET @saved_cs_client     = @@character_set_client */;
/*!50503 SET character_set_client = utf8mb4 */;
CREATE TABLE `user` (
  `id` bigint NOT NULL AUTO_INCREMENT,
  `email` varchar(100) NOT NULL,
  `password` varchar(100) NOT NULL,
  `nickname` varchar(30) NOT NULL,
  `img_url` varchar(255) DEFAULT NULL,
  `rating` int DEFAULT '0',
  `penalty_start_date` timestamp NULL DEFAULT NULL,
  `penalty_end_date` timestamp NULL DEFAULT NULL,
  `role` varchar(100) NOT NULL,
  PRIMARY KEY (`id`)
) ENGINE=InnoDB AUTO_INCREMENT=98 DEFAULT CHARSET=utf8mb4 COLLATE=utf8mb4_0900_ai_ci;
/*!40101 SET character_set_client = @saved_cs_client */;

--
-- Dumping data for table `user`
--

LOCK TABLES `user` WRITE;
/*!40000 ALTER TABLE `user` DISABLE KEYS */;
INSERT INTO `user` VALUES (3,'seyeon0207@gmail.com','$2a$10$NwlvJz3EZNB8SnS19Lh4vupb4Yyws/FmpVmb7KQremaHWp0//RyGm','judy','judy',0,NULL,NULL,'ROLE_USER'),(4,'test@email.com','$2a$10$lHjuEh0TiwMP22drYYQKJ.9XdX8R8VBH1hZYNQRnW9XLyrC4cH1p.','싸피니까!','/static/images/b3dda07f-5ddd-4ca7-bcb6-26ea21b96e79_ssafy.png',0,NULL,NULL,'ROLE_USER'),(5,'a','$2a$10$n/Gh9I/LUQhrE7spwMy/XOmDkPx7hGS9JUi793X8Eplh4FKEkHcz6','바보같은찰스','a',0,NULL,NULL,'ROLE_USER'),(6,'1fdas@madsf.com','$2a$10$GU5G637NNdJ05pldhQt2muBi7l6.3Eb8gkg8ovzzp/hDXL17B27LO','궁쓰는제이스','asdf',0,NULL,NULL,'ROLE_USER'),(7,'sample@sample.com','$2a$10$7J2tpLkcTPQP6htzql7yreQ9WsU4XLs8MAx5CSVRWEBC9//qc6NrW','자이라','sample',0,NULL,NULL,'ROLE_USER'),(8,'test@google.com','$2a$10$xCgDupxtbRb7n2kZ2KE04OYEe8Ynm1kAaQ5yxtpVOpgQvwnFZMmG.','모이라','test',0,NULL,NULL,'ROLE_USER'),(9,'t@t.com','$2a$10$IAh4NYvou.lM2g3eYq3NAedN.WaUMC3eW3hip2hIh8tehDBBa9jie','조수연','/static/images/8cda7c1b-af8f-4e3c-b708-330d7f4827e1_jam.gif',0,NULL,NULL,'ROLE_USER'),(10,'test1@email.com','$2a$10$eplCRiKj0Usvru1kuHN5NexEUu4eEDsUbVZL.igm8cwXnLBlGQ9aW','외식고기','/static/images/32f3f59b-49ba-47af-a348-3136f31d7298_KakaoTalk_20240814_001746070.jpg',0,NULL,NULL,'ROLE_USER'),(11,'a706@test.com','$2a$10$XGqWkR.ypF/Amxhcd2JidOCwMdTQQf2EhXzKQ7pYKOu8ssUsp9sGq','우아한 레빗츠','우아한 레빗츠',0,NULL,NULL,'ROLE_USER'),(12,'judy@ssafy.com','$2a$10$zmEiKl6eBLw0u1X4HD7hk.FUpgXwf02SvZdr3YEYBBfJX8W5OP0WS','쥬디','/static/images/80338682-17e0-4ee7-8098-62b6f7d515a4_20230819_183834.png',0,NULL,NULL,'ROLE_USER'),(13,'ess@ess.c','$2a$10$PzIZqnC9FW1PLwhiZOp/yOadS.cykp5Cv3NoP/GaLy.Tgmrex0x5O','쿼리스트링','ess',0,NULL,NULL,'ROLE_USER'),(14,'test2@email.com','$2a$10$zmEiKl6eBLw0u1X4HD7hk.FUpgXwf02SvZdr3YEYBBfJX8W5OP0WS','치즈스트링','/static/images/e65a678e-d4e8-4bef-81b2-c1863186dd37_제목 추가.png',0,NULL,NULL,'ROLE_USER'),(15,'sy@sy.com','$2a$10$K1lPS49lFdtEYj1XsT2BYe3EG7odxPk17rF1WkMP8H1LdctJeBxQu','수욘두','/static/images/default.png',0,NULL,NULL,'ROLE_USER'),(16,'roonac@naver.com','$2a$2a$10$eplCRiKj0Usvru1kuHN5NexEUu4eEDsUbVZL.igm8cwXnLBlGQ9aW','내가쥬디야','/static/images/default.png',0,NULL,NULL,'ROLE_USER'),(17,'test3@email.com','$2a$10$qpUl8UhFQNCGNa1DMTtD0ONYR2n3szWiNX8JE5ScxLHCaPymLQ4Aa','경맨2','/static/images/d7a4b6cb-f48d-488e-9a41-680e573a63f7_image (4).png',0,NULL,NULL,'ROLE_USER'),(18,'test6@email.com','$2a$10$mgdRZ.m6iIoxvAAd7jT8weKP5Dzpp9xFHqVwU8i0sXauJ3.Da.MF.','하이','/static/images/default.png',0,NULL,NULL,'ROLE_USER'),(19,'ss@gmail.com','$2a$10$AIHd5HCp08c5DDxmXcd6XuY3zkdrFrak9wD9pugzkf52LdNqgF2P6','조수욘두','/static/images/default.png',0,NULL,NULL,'ROLE_USER'),(20,'ssafy1@email.com','$2a$10$eplCRiKj0Usvru1kuHN5NexEUu4eEDsUbVZL.igm8cwXnLBlGQ9aW','ssafy1','/static/images/e8af42ca-d056-4879-9b82-e2afe23a60f3_images.jpeg',0,NULL,NULL,'ROLE_USER'),(21,'ssafy2@email.com','$2a$10$5I1ccr4/eW.pq7Y8Hkl7oeMPrfxwUqwnntmad1xW9olpmEGQ3A0MW','치자피즈','/static/images/71591077-c01b-445f-b1da-8e9705173a87_images.png',0,NULL,NULL,'ROLE_USER'),(22,'ssafy3@email.com','$2a$10$a8Atia.zKLFwB9i8/zTuKudZGSb6tGpUvp9QM72EE5psdSvpx56AK','피지오','/static/images/b30665ab-588c-4a31-9d72-cea1760095d1_edit.jpg',0,NULL,NULL,'ROLE_USER'),(23,'test4@email.com','$2a$10$0BtfrYALhdOzo8YlS9L7QOgjCyrYgrrCXkO3QTabZbd07CzlA0qR6','피지오갤','/static/images/default.png',0,NULL,NULL,'ROLE_USER'),(24,'dbswjd@email.com','$2a$10$vNoj/0FPG/y079NupUgwuejA3canjjdlJbiGcZsBjPOK9U7pHiC5G','귀여운 후배','/static/images/2488d658-ed6f-498b-bbae-3589f1be3e05_image.png',0,NULL,NULL,'ROLE_USER'),(25,'test0@email.com','$2a$10$vnz4k/NYO0/KHrmW5X997ezK0t/MUqwamm.5Qt4bqq.kOtChptHle','하와이안러버','/static/images/0b5e41c7-b710-4e88-9061-b96f3b7f3258_제목 추가.png',0,NULL,NULL,'ROLE_USER'),(26,'ssafy4@email.com','$2a$10$YNjjCZj.8Q3QwfpGi7FAVu7jGusvf9CEOZ6ZsCag9VqvOKliyuAu6','김범수','/static/images/e6d359fa-cedd-45ad-9699-5a36bb85e49e_image (1).png',0,NULL,NULL,'ROLE_USER'),(27,'ssafy5@email.com','$2a$10$WWDJx1Owpz8QZbQb9LFc5e7MbjcNPNpHpzFErIQ3Thnsr1DX2l8Vu','본마첩떡','/static/images/default.png',0,NULL,NULL,'ROLE_USER'),(28,'ssafy6@email.com','$2a$10$wHq4Fupgz11GEGX/5lOSKenA6Iq2mmzRLFuQFKFYvL/an5zV5K9oi','내가박명수다','/static/images/bfe1c82d-c242-4a83-874b-96d95f70bb84_박명수.jpg',0,NULL,NULL,'ROLE_USER'),(29,'ssafy7@email.com','$2a$10$oDrPpkGZzijHLIG7WgI25.vxl5c1OW/2tGgnKXlZTrcCXUp2sVuga','자바칩프라','/static/images/default.png',0,NULL,NULL,'ROLE_USER'),(30,'ssafy8@email.com','$2a$10$EDoyOb/ZSNd5VIDrynZa6e3BzGp3J1ZEy3PEJ8A6yr3WUjDJ3DHPi','푸치노맛도리','/static/images/default.png',0,NULL,NULL,'ROLE_USER'),(31,'ssafy9@email.com','$2a$10$B1aoq59r4HurBe4Nu17vku79CkAzdDGznnrui0/l3BYfCsl1MdVsC','여러라이브보고싶','/static/images/default.png',0,NULL,NULL,'ROLE_USER'),(32,'test10@email.com','$2a$10$UOC1iOEB/X0WZhksrU57zunXFOtjJVuCK63l/qAZnwCgeGfqIYZzq','경맨이였던것','/static/images/default.png',0,NULL,NULL,'ROLE_USER'),(33,'dbswjd2@email.com','$2a$10$0hOomzJx4EC/35c9krgAEeTaLGI1i2soLZ4QBw0vp6WiSwFOC38Ki','관리자','/static/images/default.png',0,NULL,NULL,'ROLE_USER'),(34,'kdm3801@gmail.com','$2a$10$ee4N4XUD5Qqj1aGUzAvFWe9RqhkyVRjwAel1yUb/.6UxYBh3MfaRW','minboy','/static/images/2265ed2a-bab5-4257-83f0-ed630040c013_penguin.JPG',0,NULL,NULL,'ROLE_USER'),(35,'dbswjd3@email.com','$2a$10$FumlfJ/S8.sd71Qh5iU6FOXbLlXJKgyMJOEZZeOF0Akli/GPNa0n.','마라탕탕후루후루','/static/images/default.png',0,NULL,NULL,'ROLE_USER'),(36,'sooyeon@ssafy.com','$2a$10$JmOc.h.9gQ2siThiskWhvO1iUxOpMBBitxlXpmtrtWpTfl54P2X.y','조수욘온두','/static/images/e0adfddf-4b50-4ee7-a4f1-236d7c6f183d_2022011309492336686_1.jpg',0,NULL,NULL,'ROLE_USER'),(37,'coachtest@test.com','$2a$10$R0.HuMJ4ATdfn.2ew5QNl.x0klRJCGdCl/3QOcXUoWPgxqN34.jBe','코치가입테스트','/static/images/default.png',0,NULL,NULL,'ROLE_USER'),(38,'t1@t.com','$2a$10$b/P1zT2.OjHdpEfJsRUatu/CyPzE90OUlxoAhb7mEBOs/mP1VZIvO','수욘두1일차','/static/images/default.png',0,NULL,NULL,'ROLE_USER'),(41,'t2@t.com','$2a$10$IsOWaMqWPAjefwd7ykX.tu1tTfwe.zClGGVDzKqGSQNgOhvpwQMue','이리온','/static/images/default.png',0,NULL,NULL,'ROLE_USER'),(42,'t3@t.com','$2a$10$7uogdExEVvQUzBQKQuWAMOWOEk45vUq.4i2z1NM2jYe4fBkMKfgmy','삼돌이','/static/images/default.png',0,NULL,NULL,'ROLE_USER'),(43,'t4@t.com','$2a$10$2eaheSIcXPNjrwELkA2YEOOT3PcLklUpvubQEUx2/WyWFrW7W3MTK','사랑해자바야','/static/images/default.png',0,NULL,NULL,'ROLE_USER'),(44,'t5@t.com','$2a$10$KPT42umiyB/0pLvVIJ5rQ.0tu2DvAXgpoYsUStq818oHdm0FH1Lza','오골계','/static/images/default.png',0,NULL,NULL,'ROLE_USER'),(45,'t6@t.com','$2a$10$hLndzI3iyG3gJTt6G/oNbeyynBeOdi/YvkUfFiOhP2MFXRiAQqDe6','육개장','/static/images/default.png',0,NULL,NULL,'ROLE_USER'),(46,'t7@t.com','$2a$10$VdWONuLw.kMBCBQad5e78ef9zrZ0pnPdyEAOECUDusM8j8bR7y3Zi','칠칠맞은자르반','/static/images/default.png',0,NULL,NULL,'ROLE_USER'),(47,'gywns2zang9@gmail.com','$2a$10$ChILsmYtU6HN4S7pSio9ZObDTaliTd1uYj6sIGFpe3s/OA55y1wnK','효준이짱구','/static/images/default.png',0,NULL,NULL,'ROLE_USER'),(48,'raizni@naver.com','$2a$10$cQ/UwPRzaT.PljECVmCl6OuP7sv3TkH5/ne9z1vlYCpsgeb5LO2TO','우히히','/static/images/default.png',0,NULL,NULL,'ROLE_USER'),(49,'ssafy1@ssafy.com','$2a$10$iBLktmfXjRMcDBjPUjbw6.hkdYjVZg/QBWMn028E5MM9mW.yfDYTa','kimssafy','/static/images/default.png',0,NULL,NULL,'ROLE_USER'),(50,'ssafy2@ssafy.com','$2a$10$HxybUMopZnEVun9qrb9gOeEF2wBhDoQDzUocvQrqZ2yiie1lFxu2K','소연코치','/static/images/1a7ba552-a4cb-45ad-bacd-f6b4663bea71_바다.png',0,NULL,NULL,'ROLE_USER'),(51,'ssafy3@ssafy.com','$2a$10$1jVfoi7655pJc2Gsad5v9e/fkdy7DRQSGG30E1IEQouWpeO9jjni.','kangssafy','/static/images/default.png',0,NULL,NULL,'ROLE_USER'),(52,'ssafy4@ssafy.com','$2a$10$APOM1aF6l0rqXiQPISEjEOKihVaspHiHg/N.bKHF79z8.6/wbsnxm','yangssafy','/static/images/default.png',0,NULL,NULL,'ROLE_USER'),(53,'ssafy5@ssafy.com','$2a$10$ZovwPKDkLTK1ywWvkEA4SeBV4hqXfsoPiyfQCWVCAzc7Jjoaj9gpG','yoonssafy','/static/images/default.png',0,NULL,NULL,'ROLE_USER'),(54,'ssafy6@ssafy.com','$2a$10$GdBut2hxT4wxhzPG2wkHxOBtiLSiFcjRykF0jD7un1ER6/lMStB/S','hyeonssafy','/static/images/default.png',0,NULL,NULL,'ROLE_USER'),(55,'ssafy7@ssafy.com','$2a$10$CYDJoyGKW1ENlemi3bwn6e.IoAtLgOwPYLtcvPN9IUvK9UUkc.qhy','jossafy','/static/images/default.png',0,NULL,NULL,'ROLE_USER'),(56,'ssafy8@ssafy.com','$2a$10$56fP5m4Ow8h65Ny76CJXrusH.7B4skT4LjmW78vlEI8uN7/q9blkS','choissafy','/static/images/default.png',0,NULL,NULL,'ROLE_USER'),(57,'ssafy9@ssafy.com','$2a$10$niXstdajn7IRZjak2IIwbu2drq5MLFMEFTCOupMixH5QUzmDr2Zae','jeonssafy','/static/images/default.png',0,NULL,NULL,'ROLE_USER'),(58,'test5@email.com','$2a$10$DdkoWgftvkQfBdZtR9W1uuwbk3G2rSWu8Z48c9wrQdoY9cwh.vi9S','Qwer1234','/static/images/default.png',0,NULL,NULL,'ROLE_USER'),(59,'qwer1@email.com','$2a$10$wRwRVrPrrCAKE0Crs3ht9.lf.Htx2AJbZyTR3Rxdme8Af64i58VOy','qwer1','/static/images/default.png',0,NULL,NULL,'ROLE_USER'),(60,'seyeon1@gmail.com','$2a$10$l7yODZ2zu5h.2OzOR0EkSunqrfTlZvbuMt946Yt3yoGFhtLoDJpWC','seyeon1','/static/images/default.png',0,NULL,NULL,'ROLE_USER'),(61,'qwer2@email.com','$2a$10$HVLOw7XDeaDGKKsYFpO3zePfaVYhSH3bwRgvDQbfG2ZAFGA8NnyVu','qwer2','/static/images/default.png',0,NULL,NULL,'ROLE_USER'),(62,'seyeon2@gmail.com','$2a$10$A.R22sBE32wfe.ems7n9FuymrCRDOspcm.eo9/yYIbvdsKIjPjvCS','seyeon2','/static/images/default.png',0,NULL,NULL,'ROLE_USER'),(63,'ssss@ssss.com','$2a$10$S1E530/40V6cozsrsQjkGu6h.xEPPwqCq9Cokw1SKhnLaZcCFT1qG','수연연두','/static/images/default.png',0,NULL,NULL,'ROLE_USER'),(64,'alswns1285@gmail.com','$2a$10$GD0Hq/RJN3xysTLxc9bMoOHLOlzsAB4gAEYc4bC/pSZLnU6ViFJW.','Seaweed민','/static/images/default.png',0,NULL,NULL,'ROLE_USER'),(65,'aasds@fjd.com','$2a$10$Vj7FdKNqEiqN6FCXEZpj/OO4HBbtU6G8R3UBwjKFwMigmF7j07I0S','mellissa','/static/images/default.png',0,NULL,NULL,'ROLE_USER'),(66,'kurladbtjr@naver.com','$2a$10$VLuxEMmpjRMKOUZ5sTKvpOs9N./C6KDI0dHTlJ2uXbMmynKQD6dBe','김유석','/static/images/default.png',0,NULL,NULL,'ROLE_USER'),(67,'melthetensai@gmail.com','$2a$10$RJjpomrviL5qib1NU1ug4e3s./Ftlgg7o6OEbZJgBPIS3b0cOwx.2','조수욘욘두','/static/images/cdd260ea-4dc5-4abc-a2e4-0ad16cfb41ef_images.png',0,NULL,NULL,'ROLE_USER'),(68,'test7@email.com','$2a$10$JINrMQRnbr3DSSOtXrNj4eJiL4yhGN5ouImVzxlZZBwXKO1LG2hUC','경맨','/static/images/0da0cc43-3a01-4b91-a4c1-334ffc841dba_image (4).png',0,NULL,NULL,'ROLE_USER'),(69,'lglover@google.com','$2a$10$1MedPyVoqgH7T72GBISeGOYbuLn6/hQ07bwGePB0qJiNOwgrI443i','lglover','/static/images/default.png',0,NULL,NULL,'ROLE_USER'),(70,'imjudy@ssafy.com','$2a$10$ECwL.LZ7DADtfNApCgDg2eT5wSfSork8ONs767.pncQklRdrGpEB2','현토에버결과언제나오냐','/static/images/default.png',0,NULL,NULL,'ROLE_USER'),(71,'team806@gmail.com','$2a$10$OlYNhODT9toVdB5Tky7GQeiLysyKu9c2lhSoW4JfVLzV98LVlUrm2','1234','/static/images/55249b24-37b7-46e0-b4a8-53f953c485aa_poppin.png',0,NULL,NULL,'ROLE_USER'),(72,'dbswjd4@email.com','$2a$10$A1OStL/2bnI/iVDKLDuyGuuh9rHUOJ4e6cQCiMnStM8r0VKNiNnXC','박수치는 물개','/static/images/default.png',0,NULL,NULL,'ROLE_USER'),(73,'test11@email.com','$2a$10$ZA6IktQ3tLI/pprSCFCe2eyAEkL8XAPZ/Roc/ICrH78mbVBuu91VW','test11','/static/images/default.png',0,NULL,NULL,'ROLE_USER'),(74,'asd@naver.com','$2a$10$k33q3FwgrmYUE6J3zxJUOOLr4V15bz39UsLp6Sz4hfDVDzkismnC2','쵸키','/static/images/default.png',0,NULL,NULL,'ROLE_USER'),(75,'asdawwa@sdasd.awd','$2a$10$IaJNR4rc0idPXGZtnzcGW.JyqRYf08DrS0TcgxHIMu7ZQ1laQz5Ra','aaawda','/static/images/default.png',0,NULL,NULL,'ROLE_USER'),(76,'test8@email.com','$2a$10$tiyhahD4JypzHzkUTXDT9uJfD7VlnYLwQcup.hledICbi2Nq3Mflm','경맨4','/static/images/default.png',0,NULL,NULL,'ROLE_USER'),(77,'ll@naver.com','$2a$10$suPmYMZKpCsxmwBhfBbotOQmKGB7wNh15vzxh6Y80KTwwTslFu5FS','룰루','/static/images/default.png',0,NULL,NULL,'ROLE_USER'),(78,'아아@email.com','$2a$10$nlelfcgwWqU2U20tB5m0AeXtg1ZE4soOLmCf/mquUuoZFf2j8qPBq','아아메','/static/images/default.png',0,NULL,NULL,'ROLE_USER'),(79,'라떼@email.com','$2a$10$4h3mhu2TEG30EIwShWaQqOwbXEyPtIF5xGdOe1.spubQGvBHiHK6a','라떼','/static/images/default.png',0,NULL,NULL,'ROLE_USER'),(80,'midkingirel@email.com','$2a$10$yZPwn1mxjVmp1sv/POdSse0xevpNYTNPnvKMseaWMoO6MMQ3Ftb6G','동숙','/static/images/default.png',0,NULL,NULL,'ROLE_USER'),(81,'ssafy10@email.com','$2a$10$wGQpQI.lw0B6x023pHxZ2uk213rMrWJ2.hDb6GtJwewKMNTZoPhXe','망고','/static/images/2bc9c5f7-744b-4d6e-900f-41abc4639e84_KakaoTalk_20220223_133156089_02.jpg',0,NULL,NULL,'ROLE_USER'),(82,'test@test.com','$2a$10$ic.U6rHLvWeaBbMvxY5O5uzp1XH0d6TlOWZfAInRsYxf96DaOYdHK','test','/static/images/default.png',0,NULL,NULL,'ROLE_USER'),(83,'test1@test.com','$2a$10$.B05qgC8vwWXmR7MqgC3V.1OvubNjn0F4uekP0cO9BuUIcT9kI.K2','test1','/static/images/default.png',0,NULL,NULL,'ROLE_USER'),(84,'test12@email.com','$2a$10$tcHFtGAGvQx.bQdMxoM5Gekt7BB1n37jMnICr.Za0AT7TjdnNUz3u','이프로','/static/images/default.png',0,NULL,NULL,'ROLE_USER'),(85,'test2@test.com','$2a$10$yp.UeaSpy1GkanGxX1W9puBTlbduPkpGJKh3QbaKiNygMf0bvdrvq','test2','/static/images/default.png',0,NULL,NULL,'ROLE_USER'),(86,'melmel@gmail.com','$2a$10$MaI3WvrfXH7ZqFTYS7sYnOMCyI.pXCjwy.25JoZf1VgZC1N97zv9q','조수욘두부','/static/images/c299bcf6-ff8b-4dd4-9b96-9374222f02d7_images.png',0,NULL,NULL,'ROLE_USER'),(87,'psyok707@gmail.com','$2a$10$nl69jA8rlWnteSW/mpRS5.PqzhqTEqJ8HFcbGcF/7FpGshh3pnTu6','피자가제일좋아','/static/images/default.png',0,NULL,NULL,'ROLE_USER'),(88,'meltheten@google.com','$2a$10$aHnNauILUhXnsqItWBX.7.2wm5o985PJSzZw/tIvdkjnHC5Yj8oqG','Mellissa1','/static/images/default.png',0,NULL,NULL,'ROLE_USER'),(89,'bumsoo0703@naver.com','$2a$10$gl23UxQS1S9zHDiW8jz//u8NeZLRig3TDuC5etfx/9H6pmYsnhQt.','설이고양이','/static/images/default.png',0,NULL,NULL,'ROLE_USER'),(90,'test13@email.com','$2a$10$KA4RqAvvJtJ4KC.rfPpADeIhRawmmdZ4mgzoAx/Havy/SgsdTzQ.W','팥붕이최고야','/static/images/default.png',0,NULL,NULL,'ROLE_USER'),(91,'test14@email.com','$2a$10$u0x/Qx3FlWDjjFNl6qwZXuOKlbNDoglodiW4C2Reucn5tt2ukCZoi','슈붕이근본임','/static/images/default.png',0,NULL,NULL,'ROLE_USER'),(92,'test15@email.com','$2a$10$RRNFnOqe06XOoT9aXD5R/uHVgcKB59s0wX8czvkpanLwUxnd3.boW','붕어빵','/static/images/default.png',0,NULL,NULL,'ROLE_USER'),(93,'test16@email.com','$2a$10$MUyqbaNVABDeWBh9l6f8q.tMFEQHShsQRWZUyJ8vkKuA5dLEgJO32','냠냠','/static/images/default.png',0,NULL,NULL,'ROLE_USER'),(94,'test17@email.com','$2a$10$mcolrS1iGKVIN.6Hd5bRZ.Xt8b.u5PXUhS3ps6GZwyue6aYO2XsPC','쩝쩝','/static/images/default.png',0,NULL,NULL,'ROLE_USER'),(95,'test18@email.com','$2a$10$dJMr4WVRWKZWTNU.MvGOc.GlldVKwWl9YQ7TZPhDoMLMLnSJQAcZ.','서브웨이','/static/images/default.png',0,NULL,NULL,'ROLE_USER'),(96,'test19@email.com','$2a$10$690OduzGirZ0UD4Vqjx7meKsw5SP.T/4gndEcBdC0PgGrdYNKr57G','프라이탁','/static/images/default.png',0,NULL,NULL,'ROLE_USER'),(97,'yejon9858@gmail.com','$2a$10$IfO9OgXx/Pe069n0Q8TF4.wxKt1YPJcNYa/h1bRzgK1eVJzhrzLOW','세연이최고','/static/images/default.png',0,NULL,NULL,'ROLE_USER');
/*!40000 ALTER TABLE `user` ENABLE KEYS */;
UNLOCK TABLES;

--
-- Table structure for table `user_token`
--

DROP TABLE IF EXISTS `user_token`;
/*!40101 SET @saved_cs_client     = @@character_set_client */;
/*!50503 SET character_set_client = utf8mb4 */;
CREATE TABLE `user_token` (
  `id` bigint NOT NULL AUTO_INCREMENT,
  `user_id` bigint NOT NULL,
  `access_token` varchar(1000) NOT NULL,
  `refresh_token` varchar(1000) NOT NULL,
  PRIMARY KEY (`id`),
  KEY `user_id` (`user_id`),
  CONSTRAINT `user_token_ibfk_1` FOREIGN KEY (`user_id`) REFERENCES `user` (`id`)
) ENGINE=InnoDB AUTO_INCREMENT=323 DEFAULT CHARSET=utf8mb4 COLLATE=utf8mb4_0900_ai_ci;
/*!40101 SET character_set_client = @saved_cs_client */;

--
-- Dumping data for table `user_token`
--

LOCK TABLES `user_token` WRITE;
/*!40000 ALTER TABLE `user_token` DISABLE KEYS */;
INSERT INTO `user_token` VALUES (2,5,'eyJhbGciOiJIUzUxMiJ9.eyJzdWIiOiJhIiwiaWF0IjoxNzIyNjEwOTUzLCJleHAiOjE3MjI2MTQ1NTMsInVzZXJJZCI6NSwicm9sZSI6IlJPTEVfVVNFUiJ9.YDFVTiEW1mWdIFAemwRJ-aCo45IyZdpjsM3TsE8trcnWNKQs821Goay327f1XD2ybgqDMIn-qkgI9kpyl2GgvA','eyJhbGciOiJIUzUxMiJ9.eyJzdWIiOiJhIiwiaWF0IjoxNzIyNjEwOTUzLCJleHAiOjE3MjI2OTczNTMsInVzZXJJZCI6NX0.8_6SFpPsqi5n4EoD116WwHnevl3oibEy-YFZZioEKI3YAIrBnB4X4_dT9efOcGrJ-srA0ZDTpuq0-L7ArQK3hA'),(3,5,'eyJhbGciOiJIUzUxMiJ9.eyJzdWIiOiJhIiwiaWF0IjoxNzIyNzQ4ODEwLCJleHAiOjE3MjI3NTI0MTAsInVzZXJJZCI6NSwicm9sZSI6IlJPTEVfVVNFUiJ9.CBNx73FzJInQAMSJjZaCGA6An-N5xdE00ApLo7OPzMawXYAypSDPclpQyqOm166O4NVnQPkde-3q0GL3WbJcOQ','eyJhbGciOiJIUzUxMiJ9.eyJzdWIiOiJhIiwiaWF0IjoxNzIyNzQ4ODEwLCJleHAiOjE3MjI4MzUyMTAsInVzZXJJZCI6NX0.qelr2tYXiXnVbMo6CP0WtFe7c0JoW-yc2bXVBVB0StgAv5SPuepF0lEILvFi_XpUGLOT5AB-VFv7onlIbJyQkg'),(6,5,'eyJhbGciOiJIUzUxMiJ9.eyJzdWIiOiJhIiwiaWF0IjoxNzIyOTU0NDIxLCJleHAiOjE3MjI5NTgwMjEsInVzZXJJZCI6NSwicm9sZSI6IlJPTEVfVVNFUiJ9.4GBTgQFutgb1wczp6OkbursxpEAN6p7MpCH1i-3v55UlT5o-Fhfe-2VYBVflp0McFn_7alXzlH_PVCEkN-MMPQ','eyJhbGciOiJIUzUxMiJ9.eyJzdWIiOiJhIiwiaWF0IjoxNzIyOTU0NDIxLCJleHAiOjE3MjMwNDA4MjEsInVzZXJJZCI6NX0.U5IOfaUd1Jd-eNFX2QkOpa-2vtm-cf0pjXWopsgdvtAIkl_eTHOE_M1aKIDsroYN3iOLO8u4eaViV63LQAFUPg'),(7,7,'eyJhbGciOiJIUzUxMiJ9.eyJzdWIiOiJzYW1wbGVAc2FtcGxlLmNvbSIsImlhdCI6MTcyMzAxOTI3NCwiZXhwIjoxNzIzMDIyODc0LCJ1c2VySWQiOjcsInJvbGUiOiJST0xFX1VTRVIifQ.q4gTp2zgEMoWeqTd9CClpBky8l5YcOxIVR17tQ2rFl3S7F1hsUquWB3ATqUs9RVRl2vzDsjIwMFcqe3zQhMo4w','eyJhbGciOiJIUzUxMiJ9.eyJzdWIiOiJzYW1wbGVAc2FtcGxlLmNvbSIsImlhdCI6MTcyMzAxOTI3NCwiZXhwIjoxNzIzMTA1Njc0LCJ1c2VySWQiOjd9.F5040R25ahepo6rasadJ_wa68Mpm1GKshl3ECCXFw3sd1i6fijV52DiVjXdh3ooBecPC-PC81gF_Jg8743pXow'),(8,8,'eyJhbGciOiJIUzUxMiJ9.eyJzdWIiOiJ0ZXN0QGdvb2dsZS5jb20iLCJpYXQiOjE3MjMwOTcyNzksImV4cCI6MTcyMzEwMDg3OSwidXNlcklkIjo4LCJyb2xlIjoiUk9MRV9VU0VSIn0.0ZMoqtbe_5rxO2766UNGZI2bzBq6uVMxxsDH61uuQkXRXQ-QtgZfyxS0WIw-FsDWQSj5KAT4Yvfl8MwNLYYL2Q','eyJhbGciOiJIUzUxMiJ9.eyJzdWIiOiJ0ZXN0QGdvb2dsZS5jb20iLCJpYXQiOjE3MjMwOTcyNzksImV4cCI6MTcyMzE4MzY3OSwidXNlcklkIjo4fQ.ktmA7f6FK23WNLIC2pLAw1XesWrcsJBYzH8f-_mQEyV_vqk_VDt6UHuaVyT4kGYdySF9K1lkz6kT6ljYQwILfg'),(13,11,'eyJhbGciOiJIUzUxMiJ9.eyJzdWIiOiJhNzA2QHRlc3QuY29tIiwiaWF0IjoxNzIzMTg4ODExLCJleHAiOjE3MjMxOTI0MTEsInVzZXJJZCI6MTEsInJvbGUiOiJST0xFX1VTRVIifQ._YcIkr-WJxixeOHR2-HhNgqt8Q2mGdTmjJh1BOvffI8K26-jZq9bMnQNQN4qanV8oI-ngSS2NagemSJv3HLPaw','eyJhbGciOiJIUzUxMiJ9.eyJzdWIiOiJhNzA2QHRlc3QuY29tIiwiaWF0IjoxNzIzMTg4ODExLCJleHAiOjE3MjMyNzUyMTEsInVzZXJJZCI6MTF9.FFKbyYt7Ub0ZAHZMUDgCKtgunnyTtGeQFxCzlEg_EnjXuxGk000vC0mDMuHI_TScQvIljWUv6Tdn42-_uI14fQ'),(15,11,'eyJhbGciOiJIUzUxMiJ9.eyJzdWIiOiJhNzA2QHRlc3QuY29tIiwiaWF0IjoxNzIzMTkxMzg1LCJleHAiOjE3MjMxOTQ5ODUsInVzZXJJZCI6MTEsInJvbGUiOiJST0xFX1VTRVIifQ.W-WxCyfVML8xpuckD8Rgin9zy-w00FilgF22D7E8wV_LvzLnqiH2Sn7KiVp82o9gCGNyEzmNGMLIie9nmc0J7Q','eyJhbGciOiJIUzUxMiJ9.eyJzdWIiOiJhNzA2QHRlc3QuY29tIiwiaWF0IjoxNzIzMTkxMzg1LCJleHAiOjE3MjMyNzc3ODUsInVzZXJJZCI6MTF9.Au2r5Yz01Q-8QCw1EN1d8Xq4FBINxQv4drDOBeCyKtWUMSSZ_LA0wZ2fdE3KW8_FXN7-UIUR0x07lBPyMBt-zg'),(22,13,'eyJhbGciOiJIUzUxMiJ9.eyJzdWIiOiJlc3NAZXNzLmMiLCJpYXQiOjE3MjMzNDg1ODMsImV4cCI6MTcyMzM1MjE4MywidXNlcklkIjoxMywicm9sZSI6IlJPTEVfVVNFUiJ9.w9kDY7KOIiJgx6Zwu2iNz0Y187HrriPUH5Dotf45azVzr5BWiDrKIxpxEzIVyx6TEnvd5HLQ-oHnO68iCZir-A','eyJhbGciOiJIUzUxMiJ9.eyJzdWIiOiJlc3NAZXNzLmMiLCJpYXQiOjE3MjMzNDg1ODQsImV4cCI6MTcyMzQzNDk4NCwidXNlcklkIjoxM30.d77BXpZc8t0mPvmvN7kcPGf6HRsbhqGnvYTyRejge_bOwAncEo51OFsmiasfGV3LQ88zpCUL7-4R7N4IfflFYg'),(48,16,'eyJhbGciOiJIUzUxMiJ9.eyJzdWIiOiJyb29uYWNAbmF2ZXIuY29tIiwiaWF0IjoxNzIzMzc1MTk2LCJleHAiOjE3MjMzNzg3OTYsInVzZXJJZCI6MTYsIm5pY2tuYW1lIjoi64K06rCA7KWs65SU7JW8Iiwicm9sZSI6IlJPTEVfVVNFUiJ9.RYqp-m2-5u9u6TvqXJYQDDN54-kn_o4oAvCKJBw9Z83GB7Y7KGQVAukSdmf0i-rsj-qbxPpYzEIPlHUL-itIqg','eyJhbGciOiJIUzUxMiJ9.eyJzdWIiOiJyb29uYWNAbmF2ZXIuY29tIiwiaWF0IjoxNzIzMzc1MTk2LCJleHAiOjE3MjM0NjE1OTYsInVzZXJJZCI6MTYsIm5pY2tuYW1lIjoi64K06rCA7KWs65SU7JW8In0.p34_mBEVdKJeIpwuY6tR921Qh5iaSqMseUnuIgvP2l3ca18EtUwFHvHuabGrZXtPf9Xx-wpO-aR3lofIzmK8TA'),(51,16,'eyJhbGciOiJIUzUxMiJ9.eyJzdWIiOiJyb29uYWNAbmF2ZXIuY29tIiwiaWF0IjoxNzIzMzc1MzkxLCJleHAiOjE3MjMzNzg5OTEsInVzZXJJZCI6MTYsIm5pY2tuYW1lIjoi64K06rCA7KWs65SU7JW8Iiwicm9sZSI6IlJPTEVfVVNFUiJ9.BDpAbNsto5s6OzWMZs-hbu1MTxrvx72SaE5pShu-H_Aady15-HPalMaRzJDfvLBrf8SZLmywL4Pv2XDD_bQvsw','eyJhbGciOiJIUzUxMiJ9.eyJzdWIiOiJyb29uYWNAbmF2ZXIuY29tIiwiaWF0IjoxNzIzMzc1MzkxLCJleHAiOjE3MjM0NjE3OTEsInVzZXJJZCI6MTYsIm5pY2tuYW1lIjoi64K06rCA7KWs65SU7JW8In0.xBHyY6zy4iq7d9EC5yurKSMj2jCslo2aL2W0uwMTK1JHS-KwYASkYx_-b9NGPUo9sW7pM3ZgzGoJEDzCrp6ZeQ'),(88,23,'eyJhbGciOiJIUzUxMiJ9.eyJzdWIiOiJ0ZXN0NEBlbWFpbC5jb20iLCJpYXQiOjE3MjM0MjUxODMsImV4cCI6MTcyMzQyODc4MywidXNlcklkIjoyMywibmlja25hbWUiOiJ0ZXN0NCIsInJvbGUiOiJST0xFX1VTRVIifQ.46wR4Fbti220X8j0e7ztsabvxCEeQ0PFN910j6Ix0ffLMOWkcH8GEHknZx5uVotIgNnAJpjL_J5CNOXY72lENw','eyJhbGciOiJIUzUxMiJ9.eyJzdWIiOiJ0ZXN0NEBlbWFpbC5jb20iLCJpYXQiOjE3MjM0MjUxODMsImV4cCI6MTcyMzUxMTU4MywidXNlcklkIjoyMywibmlja25hbWUiOiJ0ZXN0NCJ9.RxjpsMA_MoPOf7rHUraIoKc67HS-588SZwgRrTw-styvwTx6G5Ioc3Ej37J5zjdas1OuSSXUlA-eHyWXUFQgbg'),(99,25,'eyJhbGciOiJIUzUxMiJ9.eyJzdWIiOiJ0ZXN0MEBlbWFpbC5jb20iLCJpYXQiOjE3MjM0MzA4NzMsImV4cCI6MTcyMzQzNDQ3MywidXNlcklkIjoyNSwibmlja25hbWUiOiJLQVNKREtBU0RKSyIsInJvbGUiOiJST0xFX1VTRVIifQ.PQ5yGQi6dGU2IrRkOqRwMySLTf9QEuSOqbO8nRgp0_4_099WfHQjRQwMNAWN2BoL8BKQwIrls4RTONyrQ1R5Tg','eyJhbGciOiJIUzUxMiJ9.eyJzdWIiOiJ0ZXN0MEBlbWFpbC5jb20iLCJpYXQiOjE3MjM0MzA4NzMsImV4cCI6MTcyMzUxNzI3MywidXNlcklkIjoyNSwibmlja25hbWUiOiJLQVNKREtBU0RKSyJ9.d-l1FOazlKp9xWGeXKzZSYWEgOrXLMtaFG3nKlm3IEC0qI7fpTUmTmlPe4eGWoLDMLVirKVAtkhHBRdzTZ5AlA'),(101,25,'eyJhbGciOiJIUzUxMiJ9.eyJzdWIiOiJ0ZXN0MEBlbWFpbC5jb20iLCJpYXQiOjE3MjM0MzExMzIsImV4cCI6MTcyMzQzNDczMiwidXNlcklkIjoyNSwibmlja25hbWUiOiJLQVNKREtBU0RKSyIsInJvbGUiOiJST0xFX1VTRVIifQ.xfhY4Yr7FlWCbWJLcRje5_mSEWsUy_36N9qR8dlyEe5FO1r02SAK-zi9-zLIrlsYnQoSpRU0RuRQkwvPCs24TA','eyJhbGciOiJIUzUxMiJ9.eyJzdWIiOiJ0ZXN0MEBlbWFpbC5jb20iLCJpYXQiOjE3MjM0MzExMzIsImV4cCI6MTcyMzUxNzUzMiwidXNlcklkIjoyNSwibmlja25hbWUiOiJLQVNKREtBU0RKSyJ9.5vDzYosQVuGiyCO74joHqLSjM4GKt7ig9Bq9Tx3G7hW9AaEQYBWUJVFbJTgg09ZETFWKfT1R_1kRgY2cPdUNgQ'),(102,25,'eyJhbGciOiJIUzUxMiJ9.eyJzdWIiOiJ0ZXN0MEBlbWFpbC5jb20iLCJpYXQiOjE3MjM0MzE5MTcsImV4cCI6MTcyMzQzNTUxNywidXNlcklkIjoyNSwibmlja25hbWUiOiJLQVNKREtBU0RKSyIsInJvbGUiOiJST0xFX1VTRVIifQ.hnijkKpiFHQIuxhLKkRsPL429PNRHCaly6u1jT2u3CBR50l1lH5G0MGPVp5LSK53RkHmZiS4rRp0ucnXP1jxOg','eyJhbGciOiJIUzUxMiJ9.eyJzdWIiOiJ0ZXN0MEBlbWFpbC5jb20iLCJpYXQiOjE3MjM0MzE5MTcsImV4cCI6MTcyMzUxODMxNywidXNlcklkIjoyNSwibmlja25hbWUiOiJLQVNKREtBU0RKSyJ9.ahqQeFiK75oIkNzh5sqKAjs02B0kLomb-IesaFr6SdxkWU6Jn5e0-N0Co-wWXioQrDSkSKWYqyhCF__YGbh-rQ'),(105,25,'eyJhbGciOiJIUzUxMiJ9.eyJzdWIiOiJ0ZXN0MEBlbWFpbC5jb20iLCJpYXQiOjE3MjM0MzIxOTUsImV4cCI6MTcyMzQzNTc5NSwidXNlcklkIjoyNSwibmlja25hbWUiOiJLQVNKREtBU0RKSyIsInJvbGUiOiJST0xFX1VTRVIifQ.hQk7vHW3vGj08UMAgxmLgVw5yc9WPCa7N_4QnNIZAfcvBN4AGh53fI5Bdby-VGGQNMdegYE9nmNhepje0_3oCA','eyJhbGciOiJIUzUxMiJ9.eyJzdWIiOiJ0ZXN0MEBlbWFpbC5jb20iLCJpYXQiOjE3MjM0MzIxOTUsImV4cCI6MTcyMzUxODU5NSwidXNlcklkIjoyNSwibmlja25hbWUiOiJLQVNKREtBU0RKSyJ9.hB6dyLdsUMfUuU1f9s3pPxaJs6UDQzNMdtt4aboFgJjQj-su9cjPA6m3jM98uQGwWiCDfZMYVyNZxWUnBKRWlw'),(113,25,'eyJhbGciOiJIUzUxMiJ9.eyJzdWIiOiJ0ZXN0MEBlbWFpbC5jb20iLCJpYXQiOjE3MjM0MzMyNDcsImV4cCI6MTcyMzQzNjg0NywidXNlcklkIjoyNSwibmlja25hbWUiOiJLQVNKREtBU0RKSyIsInJvbGUiOiJST0xFX1VTRVIifQ.i7tJ6sURf3qtMJnIszbM5KeyU-IG8beLb-sUYMGAo6-tjZkEGZgegm0cRx0d3sm8kF0eGJcdizKbGxqCz5QkOQ','eyJhbGciOiJIUzUxMiJ9.eyJzdWIiOiJ0ZXN0MEBlbWFpbC5jb20iLCJpYXQiOjE3MjM0MzMyNDcsImV4cCI6MTcyMzUxOTY0NywidXNlcklkIjoyNSwibmlja25hbWUiOiJLQVNKREtBU0RKSyJ9.ghRX8CCPlkCaGC8lCmQ9bkwRVaQkAnVAajL0MCWbA_5Iea3dXOgLzdmJSMIuYwNjAYDyYaURCB5SaBPmH9xabA'),(116,25,'eyJhbGciOiJIUzUxMiJ9.eyJzdWIiOiJ0ZXN0MEBlbWFpbC5jb20iLCJpYXQiOjE3MjM0MzM1MjMsImV4cCI6MTcyMzQzNzEyMywidXNlcklkIjoyNSwibmlja25hbWUiOiJLQVNKREtBU0RKSyIsInJvbGUiOiJST0xFX1VTRVIifQ.ID5ywK8GkI0Q-qR9occzoV9e_zsRDu9qYpDlWcix56m4LZW-pLnF1_TZfSmjDFtGjdz1EweymQTe8hIJX7-XgQ','eyJhbGciOiJIUzUxMiJ9.eyJzdWIiOiJ0ZXN0MEBlbWFpbC5jb20iLCJpYXQiOjE3MjM0MzM1MjMsImV4cCI6MTcyMzUxOTkyMywidXNlcklkIjoyNSwibmlja25hbWUiOiJLQVNKREtBU0RKSyJ9.o02SR05uwXxeOfQqgutUEZon5ocrf_T2HZlR-mOkxOtUQAA7rxPmM3kqZEL5JnFU7hnVc4On0yDln4GF8jC92g'),(118,25,'eyJhbGciOiJIUzUxMiJ9.eyJzdWIiOiJ0ZXN0MEBlbWFpbC5jb20iLCJpYXQiOjE3MjM0MzQ0NTcsImV4cCI6MTcyMzQzODA1NywidXNlcklkIjoyNSwibmlja25hbWUiOiJLQVNKREtBU0RKSyIsInJvbGUiOiJST0xFX1VTRVIifQ.AHHenG0sPRkqAafQhyumsHmRchCNfJ0wBSiV2WfsodnUFmroJRo5HP7MX5s_Rvx2FWozztTeXdX1-lzrn3iYHw','eyJhbGciOiJIUzUxMiJ9.eyJzdWIiOiJ0ZXN0MEBlbWFpbC5jb20iLCJpYXQiOjE3MjM0MzQ0NTcsImV4cCI6MTcyMzUyMDg1NywidXNlcklkIjoyNSwibmlja25hbWUiOiJLQVNKREtBU0RKSyJ9.F3VCn0MbqZqA23PPQjW9S1hE1scqyPvxBz2_ZYIageYH-6hE8IMhnHpXw1UKKGUqXZL36JsDAYtwVCoQerKn0Q'),(122,25,'eyJhbGciOiJIUzUxMiJ9.eyJzdWIiOiJ0ZXN0MEBlbWFpbC5jb20iLCJpYXQiOjE3MjM0MzcyNjQsImV4cCI6MTcyMzQ0MDg2NCwidXNlcklkIjoyNSwibmlja25hbWUiOiJLQVNKREtBU0RKSyIsInJvbGUiOiJST0xFX1VTRVIifQ.T2R86Duf7VhFB0--6Lx7XtRHnk6Vo3rMPD1V-7AWW8wX8EX5JdjzPU7lbDN5MaRPyq2X1nu5ojFz8qwe-tO1-g','eyJhbGciOiJIUzUxMiJ9.eyJzdWIiOiJ0ZXN0MEBlbWFpbC5jb20iLCJpYXQiOjE3MjM0MzcyNjQsImV4cCI6MTcyMzUyMzY2NCwidXNlcklkIjoyNSwibmlja25hbWUiOiJLQVNKREtBU0RKSyJ9.OCZUSqaV17wX_SbEF-zHfqBqqdPl7Pi1r13se68doaE0XLp1kFjGZobdEBqPpxZr0sMSotCej2hLEj_mGTHkAA'),(144,32,'eyJhbGciOiJIUzUxMiJ9.eyJzdWIiOiJ0ZXN0MTBAZW1haWwuY29tIiwiaWF0IjoxNzIzNDQwMjU1LCJleHAiOjE3MjM0NDM4NTUsInVzZXJJZCI6MzIsIm5pY2tuYW1lIjoi6rK966eoIiwicm9sZSI6IlJPTEVfVVNFUiJ9.r30A-IN7MkWbQa9VEmkxb08tdm6F3DOVvVLxHNusnQuwslqJfU8xApEukbDOwf_jB4b9X4TFxctfRUnGJEDk2A','eyJhbGciOiJIUzUxMiJ9.eyJzdWIiOiJ0ZXN0MTBAZW1haWwuY29tIiwiaWF0IjoxNzIzNDQwMjU1LCJleHAiOjE3MjM1MjY2NTUsInVzZXJJZCI6MzIsIm5pY2tuYW1lIjoi6rK966eoIn0.lTK4v9lLTaSj3cRvTRvTNtL8EZSIoDi2URsxMpe687kLFGVLdW0w78y514P0DeqfTsFiCxbWzF4imrUxDHYt4Q'),(207,28,'eyJhbGciOiJIUzUxMiJ9.eyJzdWIiOiJzc2FmeTZAZW1haWwuY29tIiwiaWF0IjoxNzIzNDU5MDg3LCJleHAiOjE3MjM0NjI2ODcsInVzZXJJZCI6MjgsIm5pY2tuYW1lIjoic3NhZnk2Iiwicm9sZSI6IlJPTEVfVVNFUiJ9.sNrsOv0WoksHdO4hxy34I7Q1eNQQcNDfdkYazHG1Q09H364tfts6NBtlSbWirEUIgdp4c7E2lRMiSKBV0QEAfA','eyJhbGciOiJIUzUxMiJ9.eyJzdWIiOiJzc2FmeTZAZW1haWwuY29tIiwiaWF0IjoxNzIzNDU5MDg3LCJleHAiOjE3MjM1NDU0ODcsInVzZXJJZCI6MjgsIm5pY2tuYW1lIjoic3NhZnk2In0.frw9h2Vto-xddLXwg3YI2kw8zLicuTM5Fgiq4U-h0pZ2nOg2z1aZUNJu3979z3e1w07oDXs9EWvhSII07CMpKQ'),(211,30,'eyJhbGciOiJIUzUxMiJ9.eyJzdWIiOiJzc2FmeThAZW1haWwuY29tIiwiaWF0IjoxNzIzNDY5NjM4LCJleHAiOjE3MjM0NzMyMzgsInVzZXJJZCI6MzAsIm5pY2tuYW1lIjoic3NhZnk4Iiwicm9sZSI6IlJPTEVfVVNFUiJ9.meQtDW3EdIsZvXWQZnu3hun9DZqH5iJG8tDhP-oyWAvcHHK2Yi3J8wxwfr0sKdzLthBNQpYIpDQ_kOfUhnkoYA','eyJhbGciOiJIUzUxMiJ9.eyJzdWIiOiJzc2FmeThAZW1haWwuY29tIiwiaWF0IjoxNzIzNDY5NjM4LCJleHAiOjE3MjM1NTYwMzgsInVzZXJJZCI6MzAsIm5pY2tuYW1lIjoic3NhZnk4In0.ZcpF7TVOmrGBR0vg1U9gNbE4Vizn8I_qr-fdzNzyd2VoirKX92RcDaob8utPYl0515gO09YXC3dQB7SkIOrsIQ'),(219,34,'eyJhbGciOiJIUzUxMiJ9.eyJzdWIiOiJrZG0zODAxQGdtYWlsLmNvbSIsImlhdCI6MTcyMzQ3NjY4OSwiZXhwIjoxNzIzNDgwMjg5LCJ1c2VySWQiOjM0LCJuaWNrbmFtZSI6Im1pbmJveSIsInJvbGUiOiJST0xFX1VTRVIifQ.vrqzy0fNxrHsuQrgqKpPlcFd94Y2lU8fgNeLa_36OJNfa0ix0_0jj3Dx2lCgXNOOHNx_TtcrZW0czaThE66A5Q','eyJhbGciOiJIUzUxMiJ9.eyJzdWIiOiJrZG0zODAxQGdtYWlsLmNvbSIsImlhdCI6MTcyMzQ3NjY4OSwiZXhwIjoxNzIzNTYzMDg5LCJ1c2VySWQiOjM0LCJuaWNrbmFtZSI6Im1pbmJveSJ9.J8GQRB3s-_W5JMBt0FR-jI0jMs-o6MeE9r7WpJy5mxuIxCKTct0MPn10JcthaHFjqG1RxfZB4_eomv-mXC1Xbw'),(259,36,'eyJhbGciOiJIUzUxMiJ9.eyJzdWIiOiJzb295ZW9uQHNzYWZ5LmNvbSIsImlhdCI6MTcyMzUxOTYyNywiZXhwIjoxNzIzNjA2MDI3LCJ1c2VySWQiOjM2LCJuaWNrbmFtZSI6IuyhsOyImOyXsOydmO2CpOungSIsInJvbGUiOiJST0xFX1VTRVIifQ.zqDEH5iycQhp-BF_wdFyvjumh0ZCyF0uzf4PHQrH63qlci_PbTHtzrBEs1E2Q8_Mgs_I3g35Fbx-CvRUHGJ28Q','eyJhbGciOiJIUzUxMiJ9.eyJzdWIiOiJzb295ZW9uQHNzYWZ5LmNvbSIsImlhdCI6MTcyMzUxOTYyNywiZXhwIjoxNzIzNjA2MDI3LCJ1c2VySWQiOjM2LCJuaWNrbmFtZSI6IuyhsOyImOyXsOydmO2CpOungSJ9.MdpgXmevU864KofWYT8ZXVc6FHlpJsqvpPKgBFNEYaYuwaEkpCY8u-pgo9Ure1qkdKsdob0UHdRjVadNCAV-Ig'),(261,36,'eyJhbGciOiJIUzUxMiJ9.eyJzdWIiOiJzb295ZW9uQHNzYWZ5LmNvbSIsImlhdCI6MTcyMzUxOTk0MSwiZXhwIjoxNzIzNjA2MzQxLCJ1c2VySWQiOjM2LCJuaWNrbmFtZSI6IuyhsOyImOyXsOydmO2CpOungSIsInJvbGUiOiJST0xFX1VTRVIifQ.eSfh6M1x_O9Pw5fMSN4zgKXQfSkpuNG4kZqfaR_L-z9S-l65dPio-wuiTYmRpmUS_wPiMy0mID_3FhvKdj1AVw','eyJhbGciOiJIUzUxMiJ9.eyJzdWIiOiJzb295ZW9uQHNzYWZ5LmNvbSIsImlhdCI6MTcyMzUxOTk0MSwiZXhwIjoxNzIzNjA2MzQxLCJ1c2VySWQiOjM2LCJuaWNrbmFtZSI6IuyhsOyImOyXsOydmO2CpOungSJ9.D6kDt9upRfOemWlzEYaAm3rwhl4DqaaIUYeV7Dv_kAUFO6m-EZrA1Uv-vfKkeIFMvLnIx-6lxJ8ZtTwNp7SVxA'),(271,35,'eyJhbGciOiJIUzUxMiJ9.eyJzdWIiOiJkYnN3amQzQGVtYWlsLmNvbSIsImlhdCI6MTcyMzUyNDAzNSwiZXhwIjoxNzIzNjEwNDM1LCJ1c2VySWQiOjM1LCJuaWNrbmFtZSI6IuuniOudvO2Dle2Dle2bhOujqO2bhOujqCIsInJvbGUiOiJST0xFX1VTRVIifQ.Vp0WqdSixmF5BVIEU5gjomnjo6hKFuKtEhaVCPue_pj9MqEK0IP00P7UfUWU6OYOTaqdSzpLAnvrH_ulga9QNg','eyJhbGciOiJIUzUxMiJ9.eyJzdWIiOiJkYnN3amQzQGVtYWlsLmNvbSIsImlhdCI6MTcyMzUyNDAzNSwiZXhwIjoxNzIzNjEwNDM1LCJ1c2VySWQiOjM1LCJuaWNrbmFtZSI6IuuniOudvO2Dle2Dle2bhOujqO2bhOujqCJ9.hSDUddqZPDyN9f-JzQh0eRTrgOYEsOQ4hv8or9HikuQXXwewZMxrsh8v1QKfJI4oLtBBHQt2uscSDX3iTbV25A'),(272,35,'eyJhbGciOiJIUzUxMiJ9.eyJzdWIiOiJkYnN3amQzQGVtYWlsLmNvbSIsImlhdCI6MTcyMzUyNDE3NCwiZXhwIjoxNzIzNjEwNTc0LCJ1c2VySWQiOjM1LCJuaWNrbmFtZSI6IuuniOudvO2Dle2Dle2bhOujqO2bhOujqCIsInJvbGUiOiJST0xFX1VTRVIifQ.aYujdFYLM8ajdK3FDr226VC5ou68fu3LVkMNLMc50hbgLTpMaKf0SoqqpBDQrd-ZSlziGWI1Ic2DEoFDbPV-KQ','eyJhbGciOiJIUzUxMiJ9.eyJzdWIiOiJkYnN3amQzQGVtYWlsLmNvbSIsImlhdCI6MTcyMzUyNDE3NCwiZXhwIjoxNzIzNjEwNTc0LCJ1c2VySWQiOjM1LCJuaWNrbmFtZSI6IuuniOudvO2Dle2Dle2bhOujqO2bhOujqCJ9.Dpsa1Y89R6l_MwF4d6YzOjsDkv4V_RafSjdt2UQI9vrBLrDw-AgUfTZbOFPhIDnuX6gsnKAK5Z9xGMotJRe_SQ'),(281,35,'eyJhbGciOiJIUzUxMiJ9.eyJzdWIiOiJkYnN3amQzQGVtYWlsLmNvbSIsImlhdCI6MTcyMzUyNTg1OSwiZXhwIjoxNzIzNjEyMjU5LCJ1c2VySWQiOjM1LCJuaWNrbmFtZSI6IuuniOudvO2Dle2Dle2bhOujqO2bhOujqCIsInJvbGUiOiJST0xFX1VTRVIifQ.LR_gfO_keA5GxoKwlIuWXBKejqNAIh8sStowNtgRVCrf1Ncusc2M-pAmOipCt0Tgeb1Tvth2HhLNVhN6jBWR9A','eyJhbGciOiJIUzUxMiJ9.eyJzdWIiOiJkYnN3amQzQGVtYWlsLmNvbSIsImlhdCI6MTcyMzUyNTg1OSwiZXhwIjoxNzIzNjEyMjU5LCJ1c2VySWQiOjM1LCJuaWNrbmFtZSI6IuuniOudvO2Dle2Dle2bhOujqO2bhOujqCJ9.rFqoF7K1d04KhxMH2h5CwSOPGnMRrpvVFm1F-20A0FS0GyFYx-mhbCYvsBeVVHfmCAq5GNe6uOm2jvgwQUzNlQ'),(282,14,'eyJhbGciOiJIUzUxMiJ9.eyJzdWIiOiJ0ZXN0MkBlbWFpbC5jb20iLCJpYXQiOjE3MjM1MjU4NjgsImV4cCI6MTcyMzYxMjI2OCwidXNlcklkIjoxNCwibmlja25hbWUiOiJxd2VydHkiLCJyb2xlIjoiUk9MRV9VU0VSIn0.LueAaEakj2zJnrQjnSzOzwq5cNQUw7LaNuLdoFAiiY9kb_ZnKKSMNPuCBqHaCGHFNa6UV7d26xEBxmr_noqB9w','eyJhbGciOiJIUzUxMiJ9.eyJzdWIiOiJ0ZXN0MkBlbWFpbC5jb20iLCJpYXQiOjE3MjM1MjU4NjgsImV4cCI6MTcyMzYxMjI2OCwidXNlcklkIjoxNCwibmlja25hbWUiOiJxd2VydHkifQ.vEE9yk0FD6gYTxCl0VF2__00iVwQQmBdQTazczHjSz5cA_p8mjOmHEh_vP1iTPx7M8Q_NDL0TvzbrzcuZoJ_GA'),(287,33,'eyJhbGciOiJIUzUxMiJ9.eyJzdWIiOiJkYnN3amQyQGVtYWlsLmNvbSIsImlhdCI6MTcyMzUyNzE3NCwiZXhwIjoxNzIzNjEzNTc0LCJ1c2VySWQiOjMzLCJuaWNrbmFtZSI6Iuq0gOumrOyekCIsInJvbGUiOiJST0xFX1VTRVIifQ.-JEv_gYsFrr_JAxv7HHmKjEGspPrfjXSEEbalsibOX33IN5pgXwo-qNGulNJteEurGJlH9MMzzJLOV2rdOsxew','eyJhbGciOiJIUzUxMiJ9.eyJzdWIiOiJkYnN3amQyQGVtYWlsLmNvbSIsImlhdCI6MTcyMzUyNzE3NCwiZXhwIjoxNzIzNjEzNTc0LCJ1c2VySWQiOjMzLCJuaWNrbmFtZSI6Iuq0gOumrOyekCJ9.W-mK8zZcwppbQyUihleGpOaGXXUQSI3InhxeGwW9vKuuX2oxUlxw0Ma-Biqr-RV-_V3Edo7FshIVqvYgHaB96g'),(290,28,'eyJhbGciOiJIUzUxMiJ9.eyJzdWIiOiJzc2FmeTZAZW1haWwuY29tIiwiaWF0IjoxNzIzNTI4OTMyLCJleHAiOjE3MjM2MTUzMzIsInVzZXJJZCI6MjgsIm5pY2tuYW1lIjoic3NhZnk2Iiwicm9sZSI6IlJPTEVfVVNFUiJ9.jvGAY7VhzqH3O-oC3WYodrn0_sEtk_W7-SuWDnvY02XePWVhI_4QGPerWY7q_91lLWs6gmB-WOwjiUg1GX7-Hg','eyJhbGciOiJIUzUxMiJ9.eyJzdWIiOiJzc2FmeTZAZW1haWwuY29tIiwiaWF0IjoxNzIzNTI4OTMyLCJleHAiOjE3MjM2MTUzMzIsInVzZXJJZCI6MjgsIm5pY2tuYW1lIjoic3NhZnk2In0.goyp4junFtn5qkSKk8xKa2OZHI8QzH_zEHy6UDZ4opz331SpU3rpd5PR30WUiRZ9M9rRy2SQ3FqNlmtCoukfUw'),(295,12,'eyJhbGciOiJIUzUxMiJ9.eyJzdWIiOiJqdWR5QHNzYWZ5LmNvbSIsImlhdCI6MTcyMzUyOTQwNCwiZXhwIjoxNzIzNjE1ODA0LCJ1c2VySWQiOjEyLCJuaWNrbmFtZSI6IuylrOuUlCIsInJvbGUiOiJST0xFX1VTRVIifQ.HO8dABeEvlMuH_S8wbTQzQZwCNw85oaQ9MiNfsbKnqszY9Ky_Zcr_E4imn-VdSL_F7q0GVD5-v7uOmdjfZ_cKA','eyJhbGciOiJIUzUxMiJ9.eyJzdWIiOiJqdWR5QHNzYWZ5LmNvbSIsImlhdCI6MTcyMzUyOTQwNCwiZXhwIjoxNzIzNjE1ODA0LCJ1c2VySWQiOjEyLCJuaWNrbmFtZSI6IuylrOuUlCJ9.d1nU16rvPKGdgS9mkaDIDtjWLU5wHjIv-MWjviKCoVgroRiQu4snGLbHng4M2MnJNhUry9jHTp350Qfh4CeixQ'),(296,28,'eyJhbGciOiJIUzUxMiJ9.eyJzdWIiOiJzc2FmeTZAZW1haWwuY29tIiwiaWF0IjoxNzIzNTI5NjU1LCJleHAiOjE3MjM2MTYwNTUsInVzZXJJZCI6MjgsIm5pY2tuYW1lIjoic3NhZnk2bmFtZVRlIiwicm9sZSI6IlJPTEVfVVNFUiJ9.oUs5BDEwvBtrKMqWW9reMq95gSjbsMmxccTh1WrpCfz3y5vqLZYQ5kfgue26LEadTpuAqVzaRsJ7l8C4XAq_hA','eyJhbGciOiJIUzUxMiJ9.eyJzdWIiOiJzc2FmeTZAZW1haWwuY29tIiwiaWF0IjoxNzIzNTI5NjU1LCJleHAiOjE3MjM2MTYwNTUsInVzZXJJZCI6MjgsIm5pY2tuYW1lIjoic3NhZnk2bmFtZVRlIn0.-9y2T7bxMWmubr5IdZPmTLNhGrpQLpBBmNCpRXNlejia02xb5ZnEb3h6bSvW-JaBxtJxM47h0yYcCAJq07TTJA'),(300,27,'eyJhbGciOiJIUzUxMiJ9.eyJzdWIiOiJzc2FmeTVAZW1haWwuY29tIiwiaWF0IjoxNzIzNTMwMzE1LCJleHAiOjE3MjM2MTY3MTUsInVzZXJJZCI6MjcsIm5pY2tuYW1lIjoi67O466eI7LKp65ahIiwicm9sZSI6IlJPTEVfVVNFUiJ9.qI3vjsiN7tjoB5Wj7TZkPH53vv3Oy5xFG-O6BOhYAew1bJth5Fig2UtvEF8HaJlmiKeHrQ8zlXcVSv_FbOpbQA','eyJhbGciOiJIUzUxMiJ9.eyJzdWIiOiJzc2FmeTVAZW1haWwuY29tIiwiaWF0IjoxNzIzNTMwMzE1LCJleHAiOjE3MjM2MTY3MTUsInVzZXJJZCI6MjcsIm5pY2tuYW1lIjoi67O466eI7LKp65ahIn0.i8asmLkDbhmq62B2_ZscUbhpvkxpYru9uLaBOhgVEtsiHuiX7RmCJgCYIfUiKrOW0pXIde471pvTQTMUN3CBgw'),(305,14,'eyJhbGciOiJIUzUxMiJ9.eyJzdWIiOiJ0ZXN0MkBlbWFpbC5jb20iLCJpYXQiOjE3MjM1MzQ0OTcsImV4cCI6MTcyMzYyMDg5NywidXNlcklkIjoxNCwibmlja25hbWUiOiJxd2VydHkxIiwicm9sZSI6IlJPTEVfVVNFUiJ9.40svAmA5OLB0tsUvbjkodMc5vfHTLtkGyOR8pxfy9bgUhkQooeQVT9TiK33IoMAD7hsbvSd0b9yFkK4iSVKGEA','eyJhbGciOiJIUzUxMiJ9.eyJzdWIiOiJ0ZXN0MkBlbWFpbC5jb20iLCJpYXQiOjE3MjM1MzQ0OTcsImV4cCI6MTcyMzYyMDg5NywidXNlcklkIjoxNCwibmlja25hbWUiOiJxd2VydHkxIn0.Cjvx-xbimlEfkcRfg-ZVk-Bf6ScbLuTFtzi_XS7aUjim7lQBPLGuPaPcX4xMSszkxm95xwSnPHbzrZOq_JcP9g'),(306,14,'eyJhbGciOiJIUzUxMiJ9.eyJzdWIiOiJ0ZXN0MkBlbWFpbC5jb20iLCJpYXQiOjE3MjM1MzQ4MzEsImV4cCI6MTcyMzYyMTIzMSwidXNlcklkIjoxNCwibmlja25hbWUiOiJxd2VydHkxIiwicm9sZSI6IlJPTEVfVVNFUiJ9.9s2rUKJQy3QHZCam_0veb0p7L8EcgcqxPWoEKszZ9GjsEuqXG3ZtMdkcEB076trVpRmNsEkSyrUSp3O5HnGngQ','eyJhbGciOiJIUzUxMiJ9.eyJzdWIiOiJ0ZXN0MkBlbWFpbC5jb20iLCJpYXQiOjE3MjM1MzQ4MzEsImV4cCI6MTcyMzYyMTIzMSwidXNlcklkIjoxNCwibmlja25hbWUiOiJxd2VydHkxIn0.hkr6cIgY2bIjPIC4DtHW64VNfJc1XtmPVpG697-gVU-eyGYsfQaisB-0MBaIWK1T_Y6Qijy80FXk5WLOvU5oXg'),(307,24,'eyJhbGciOiJIUzUxMiJ9.eyJzdWIiOiJkYnN3amRAZW1haWwuY29tIiwiaWF0IjoxNzIzNTM0OTUzLCJleHAiOjE3MjM2MjEzNTMsInVzZXJJZCI6MjQsIm5pY2tuYW1lIjoi7Jyk7KCV7IqkIiwicm9sZSI6IlJPTEVfVVNFUiJ9.-TY0Kpz3xKAqVYv6m5yXdw_VGA5XyVIRKgAH9Ywk1Qv52APrnNY1rnYlBjMsCOElIzlDA_OSpn049Aggliwh8A','eyJhbGciOiJIUzUxMiJ9.eyJzdWIiOiJkYnN3amRAZW1haWwuY29tIiwiaWF0IjoxNzIzNTM0OTUzLCJleHAiOjE3MjM2MjEzNTMsInVzZXJJZCI6MjQsIm5pY2tuYW1lIjoi7Jyk7KCV7IqkIn0.pp4Jm-dzPqsoljqHwkTQSo19gUZWg6xxJbGEMOhz92kgLkNUrRrvRNc2Jf8ggleNZj_5Krypwozs39IgC73czw'),(308,22,'eyJhbGciOiJIUzUxMiJ9.eyJzdWIiOiJzc2FmeTNAZW1haWwuY29tIiwiaWF0IjoxNzIzNTM1NzQ2LCJleHAiOjE3MjQzOTk3NDYsInVzZXJJZCI6MjIsIm5pY2tuYW1lIjoic3NhZnkzIiwicm9sZSI6IlJPTEVfVVNFUiJ9.UHnweOTe_bba1XaLJFb67DbGLqtSesQuitsUbzHzWIbQIafZyjdZqOEuor8gHBC3_O2oRtAXRalDZLJIPMRB2Q','eyJhbGciOiJIUzUxMiJ9.eyJzdWIiOiJzc2FmeTNAZW1haWwuY29tIiwiaWF0IjoxNzIzNTM1NzQ2LCJleHAiOjE3MjQzOTk3NDYsInVzZXJJZCI6MjIsIm5pY2tuYW1lIjoic3NhZnkzIn0.n_zyZwbWy_y5Csbldvg2YMufnyxAhB0mpZC83WwSAAmRQSo5UChD64SKTXsfvQLNh8tDyemH9rU3K_aDd8jwOA'),(313,17,'eyJhbGciOiJIUzUxMiJ9.eyJzdWIiOiJ0ZXN0M0BlbWFpbC5jb20iLCJpYXQiOjE3MjM1Mzc3MDAsImV4cCI6MTcyNDQwMTcwMCwidXNlcklkIjoxNywibmlja25hbWUiOiLqsr3rp6gyIiwicm9sZSI6IlJPTEVfVVNFUiJ9.3cHJVRVkZy69HqnYB3rIrxIXHAou9CmP0n3VYoC2dJuJeaOEf0i4OJWaarM0H77vg1eKzmgaRRYZLdnLiMUfhA','eyJhbGciOiJIUzUxMiJ9.eyJzdWIiOiJ0ZXN0M0BlbWFpbC5jb20iLCJpYXQiOjE3MjM1Mzc3MDAsImV4cCI6MTcyNDQwMTcwMCwidXNlcklkIjoxNywibmlja25hbWUiOiLqsr3rp6gyIn0.obYpG1Bwl7YzDgj5NZ4pEvTDi7Lt6A5V0jB5plRUrZ7kG6rwnJI7lsiHIp9yFgmaHX5zGMogLxrKWB6CH-xkZw');
/*!40000 ALTER TABLE `user_token` ENABLE KEYS */;
UNLOCK TABLES;

--
-- Table structure for table `user_vote_opinion`
--

DROP TABLE IF EXISTS `user_vote_opinion`;
/*!40101 SET @saved_cs_client     = @@character_set_client */;
/*!50503 SET character_set_client = utf8mb4 */;
CREATE TABLE `user_vote_opinion` (
  `user_id` bigint NOT NULL,
  `vote_info_id` bigint NOT NULL,
  `vote_info_index` int NOT NULL,
  PRIMARY KEY (`user_id`,`vote_info_id`),
  KEY `vote_info_id` (`vote_info_id`),
  CONSTRAINT `user_vote_opinion_ibfk_1` FOREIGN KEY (`user_id`) REFERENCES `user` (`id`),
  CONSTRAINT `user_vote_opinion_ibfk_2` FOREIGN KEY (`vote_info_id`) REFERENCES `vote_info` (`id`)
) ENGINE=InnoDB DEFAULT CHARSET=utf8mb4 COLLATE=utf8mb4_0900_ai_ci;
/*!40101 SET character_set_client = @saved_cs_client */;

--
-- Dumping data for table `user_vote_opinion`
--

LOCK TABLES `user_vote_opinion` WRITE;
/*!40000 ALTER TABLE `user_vote_opinion` DISABLE KEYS */;
INSERT INTO `user_vote_opinion` VALUES (3,39,0),(3,62,1),(3,168,1),(3,176,1),(3,183,0),(4,8,0),(4,9,1),(4,10,1),(4,11,0),(4,15,1),(4,39,0),(4,53,1),(4,62,1),(4,168,1),(4,176,1),(4,183,0),(4,202,0),(5,39,0),(5,62,1),(5,168,1),(5,176,1),(5,183,0),(6,39,0),(6,62,1),(6,168,1),(6,176,1),(6,183,0),(7,39,0),(7,62,1),(7,168,11),(7,176,1),(7,183,0),(8,39,0),(8,62,1),(8,168,1),(8,176,1),(8,183,0),(9,8,0),(9,9,0),(9,10,0),(9,11,1),(9,39,0),(9,62,1),(9,168,1),(9,176,1),(9,183,0),(10,10,1),(10,13,1),(10,15,0),(10,17,0),(10,19,0),(10,20,0),(10,23,1),(10,25,0),(10,27,1),(10,28,1),(10,29,0),(10,30,1),(10,33,1),(10,34,1),(10,38,0),(10,39,0),(10,56,1),(10,57,0),(10,62,1),(10,67,1),(10,92,0),(10,94,1),(10,108,0),(10,112,0),(10,120,0),(10,125,0),(10,132,0),(10,133,0),(10,134,0),(10,135,0),(10,136,0),(10,137,1),(10,139,0),(10,140,1),(10,144,1),(10,160,0),(10,161,1),(10,162,1),(10,163,0),(10,164,0),(10,168,1),(10,175,1),(10,176,0),(10,180,0),(10,182,1),(10,183,1),(10,184,0),(10,187,0),(10,188,0),(10,189,1),(10,190,0),(10,191,0),(10,192,1),(10,193,1),(10,194,1),(10,204,1),(10,205,0),(10,206,0),(10,208,0),(10,209,0),(10,210,0),(10,213,1),(11,39,0),(11,62,1),(11,168,1),(11,176,0),(11,183,1),(12,8,0),(12,9,0),(12,10,1),(12,11,0),(12,13,1),(12,15,1),(12,17,0),(12,19,0),(12,20,1),(12,21,0),(12,23,0),(12,25,1),(12,27,1),(12,28,1),(12,29,0),(12,30,0),(12,33,0),(12,34,1),(12,38,0),(12,39,0),(12,44,1),(12,56,1),(12,62,1),(12,83,0),(12,92,1),(12,94,1),(12,111,0),(12,112,0),(12,113,0),(12,114,1),(12,118,1),(12,132,0),(12,133,1),(12,134,0),(12,135,0),(12,136,1),(12,137,0),(12,139,1),(12,153,0),(12,160,1),(12,161,0),(12,162,1),(12,164,0),(12,168,1),(12,175,1),(12,176,0),(12,177,0),(12,183,1),(12,188,0),(12,190,0),(12,204,1),(12,205,1),(12,206,0),(12,207,0),(12,208,1),(12,209,0),(12,210,0),(13,8,0),(13,9,1),(13,10,1),(13,11,0),(13,39,0),(13,62,1),(13,168,0),(13,176,0),(13,183,1),(14,10,0),(14,11,1),(14,15,0),(14,17,0),(14,19,1),(14,20,0),(14,21,0),(14,23,1),(14,25,1),(14,27,1),(14,29,0),(14,30,1),(14,33,0),(14,34,0),(14,38,0),(14,39,0),(14,48,1),(14,56,0),(14,60,0),(14,62,1),(14,72,0),(14,76,1),(14,78,0),(14,92,1),(14,94,1),(14,108,0),(14,111,0),(14,112,0),(14,113,1),(14,120,1),(14,121,0),(14,125,0),(14,136,0),(14,140,0),(14,152,1),(14,153,0),(14,163,0),(14,168,0),(14,175,0),(14,176,0),(14,183,1),(14,204,0),(14,205,1),(14,206,0),(14,207,1),(14,208,1),(14,209,0),(14,210,0),(14,213,0),(15,9,0),(15,10,1),(15,11,1),(15,13,0),(15,15,0),(15,21,1),(15,25,0),(15,27,1),(15,28,1),(15,29,0),(15,34,0),(15,39,0),(15,62,0),(15,108,0),(15,134,0),(15,168,0),(15,176,0),(16,39,1),(16,62,0),(17,8,1),(17,9,0),(17,10,1),(17,11,0),(17,23,1),(17,56,0),(17,62,0),(17,78,0),(17,161,1),(17,162,1),(17,164,0),(17,165,1),(17,174,1),(17,175,1),(17,178,0),(17,179,0),(17,180,0),(17,191,1),(17,192,0),(17,193,1),(18,10,1),(19,15,0),(19,17,1),(19,19,1),(19,29,0),(19,34,0),(19,38,0),(19,42,0),(19,73,1),(19,82,0),(19,92,1),(20,15,0),(20,17,0),(20,19,0),(20,20,0),(20,21,1),(20,25,1),(20,28,0),(20,29,0),(20,30,0),(20,33,1),(20,34,1),(20,38,0),(20,76,1),(20,92,1),(20,94,1),(20,108,1),(20,111,0),(20,112,0),(20,113,1),(20,114,1),(20,120,0),(20,125,1),(20,152,1),(20,161,0),(20,166,0),(20,182,1),(20,184,1),(20,185,0),(20,186,0),(20,187,1),(20,188,1),(20,189,0),(20,190,1),(20,191,1),(20,192,0),(20,193,0),(20,194,0),(20,201,0),(20,202,0),(20,203,1),(20,204,1),(20,205,0),(20,206,1),(20,207,0),(20,208,1),(20,209,0),(20,210,1),(21,13,1),(21,23,0),(21,25,0),(21,27,0),(21,28,0),(21,78,1),(21,80,0),(21,81,1),(21,92,0),(21,94,1),(21,108,0),(21,112,0),(21,132,0),(21,161,1),(21,165,1),(21,175,0),(21,178,1),(21,182,1),(21,184,1),(21,185,1),(21,186,1),(21,187,0),(21,188,0),(21,189,1),(21,190,0),(21,191,1),(21,192,1),(21,193,1),(21,194,1),(21,201,1),(21,202,0),(21,203,1),(21,204,0),(21,205,1),(21,206,1),(21,207,0),(21,208,0),(21,209,0),(21,210,1),(22,15,0),(22,17,0),(22,19,0),(22,20,0),(22,21,0),(22,23,1),(22,25,0),(22,28,0),(22,29,0),(22,38,0),(22,56,0),(22,92,0),(22,94,1),(22,108,0),(22,112,0),(22,185,1),(22,186,1),(22,187,0),(22,188,0),(22,189,1),(22,190,0),(22,191,0),(22,192,1),(22,193,1),(22,194,1),(22,201,1),(22,202,1),(22,204,1),(22,205,1),(22,206,0),(22,207,1),(22,208,1),(22,209,0),(22,210,0),(24,13,0),(24,14,1),(24,15,0),(24,16,0),(24,17,1),(24,18,0),(24,19,1),(24,20,1),(24,21,1),(24,23,1),(24,25,0),(24,28,1),(24,29,0),(24,30,0),(24,41,0),(24,42,0),(24,43,0),(24,49,1),(24,53,0),(24,60,1),(24,61,1),(24,67,0),(24,76,1),(24,82,1),(24,83,0),(24,90,1),(24,148,1),(24,152,1),(24,153,0),(25,10,1),(25,11,0),(26,10,1),(26,13,0),(26,15,0),(26,19,0),(26,20,0),(26,23,0),(26,27,0),(26,29,1),(26,30,0),(26,56,1),(26,83,0),(26,152,0),(26,164,1),(26,165,0),(26,168,1),(27,36,1),(27,187,0),(27,188,1),(27,189,1),(27,190,0),(27,191,0),(27,192,1),(27,193,1),(27,194,1),(28,13,0),(28,15,0),(28,17,0),(28,19,0),(28,20,0),(28,29,0),(28,36,0),(28,42,1),(28,56,0),(28,112,0),(28,184,1),(28,187,1),(28,188,0),(28,189,1),(28,190,0),(28,191,0),(28,192,1),(28,193,1),(28,194,1),(28,201,1),(28,205,1),(28,206,0),(28,209,0),(28,210,0),(29,178,1),(29,184,1),(29,187,0),(29,188,0),(29,189,1),(29,190,0),(29,191,0),(29,192,1),(29,193,1),(29,194,1),(29,201,0),(29,202,1),(29,203,0),(29,204,1),(29,205,0),(29,206,1),(29,207,1),(29,208,0),(29,209,1),(29,210,1),(29,213,0),(30,23,1),(30,184,1),(30,185,0),(30,187,1),(30,191,0),(30,192,0),(30,193,1),(30,194,1),(30,201,1),(30,204,1),(30,205,1),(30,206,0),(30,207,1),(30,208,1),(30,209,0),(30,210,0),(30,221,0),(31,38,0),(31,75,1),(31,92,0),(31,94,0),(31,111,0),(31,112,0),(31,114,1),(31,132,0),(31,133,0),(31,134,1),(31,135,0),(31,137,0),(31,166,0),(31,184,1),(31,185,0),(31,187,0),(31,188,0),(31,189,0),(31,190,1),(31,191,1),(31,192,0),(31,193,0),(31,194,1),(32,10,0),(32,11,1),(32,28,0),(33,13,0),(33,23,1),(33,48,1),(33,75,0),(33,77,1),(34,17,0),(34,19,0),(34,20,0),(34,21,0),(34,25,0),(34,28,0),(34,29,0),(34,34,0),(34,38,0),(34,73,0),(34,76,0),(34,92,0),(34,94,0),(34,108,0),(34,112,0),(34,113,0),(34,114,0),(34,118,1),(34,132,0),(34,133,0),(34,134,0),(34,135,1),(34,136,0),(34,137,0),(34,139,0),(34,140,0),(34,152,1),(34,160,0),(34,161,1),(34,162,0),(34,164,0),(34,175,1),(35,48,1),(35,77,1),(35,153,1),(36,15,0),(36,17,0),(36,19,0),(36,20,0),(36,21,0),(36,25,0),(36,27,0),(36,28,0),(36,29,0),(36,30,0),(36,33,0),(36,34,0),(36,38,0),(36,78,0),(36,92,0),(36,94,0),(36,139,0),(36,160,1),(36,161,1),(36,162,1),(36,174,0),(38,13,0),(38,23,0),(38,29,0),(38,38,0),(38,48,1),(38,92,1),(38,108,1),(38,113,0),(38,135,1),(38,136,0),(38,137,0),(38,140,0),(38,152,1),(38,153,0),(38,160,0),(38,167,0),(38,169,0),(38,170,1),(41,13,0),(42,13,0),(42,23,0),(42,185,0),(42,192,1),(42,193,1),(42,194,0),(47,42,1),(48,140,0),(48,160,0),(49,13,0),(49,92,0),(49,118,0),(49,135,0),(49,139,0),(49,140,0),(49,161,0),(49,162,0),(49,164,0),(50,29,0),(50,108,0),(50,112,0),(50,139,0),(50,140,0),(50,152,1),(50,162,1),(50,166,0),(50,171,0),(52,56,0),(52,57,1),(52,133,1),(52,134,0),(52,136,0),(52,137,0),(52,139,0),(52,140,0),(52,164,0),(52,165,0),(52,171,0),(56,139,1),(56,140,0),(56,152,0),(56,160,0),(56,161,1),(56,162,1),(58,13,0),(63,166,1),(64,41,1),(64,48,1),(65,19,1),(65,29,0),(65,34,0),(65,38,1),(65,92,0),(65,94,1),(65,112,0),(65,118,0),(65,133,0),(65,135,1),(65,136,1),(65,139,0),(65,140,1),(65,174,1),(66,174,0),(67,13,1),(67,38,0),(67,58,0),(67,71,0),(67,82,1),(67,84,1),(67,90,0),(67,92,1),(67,113,0),(67,133,1),(67,134,1),(67,135,0),(67,136,1),(67,137,0),(67,140,0),(67,141,1),(67,152,1),(67,153,0),(67,160,0),(67,161,1),(67,162,1),(67,164,1),(67,175,0),(67,178,0),(67,179,0),(67,180,1),(67,181,0),(67,182,0),(67,184,0),(67,185,0),(67,186,1),(67,187,1),(67,188,1),(67,189,1),(67,190,1),(67,191,1),(67,194,0),(67,205,1),(67,206,1),(67,207,0),(67,208,1),(67,209,0),(67,210,1),(67,221,0),(68,92,1),(68,94,0),(68,108,0),(68,112,0),(68,113,0),(68,152,1),(68,178,0),(68,179,0),(68,180,0),(68,185,1),(68,187,0),(68,188,1),(68,189,0),(68,190,1),(68,191,0),(68,192,1),(68,193,1),(68,194,1),(69,20,0),(69,21,0),(69,29,0),(69,38,0),(69,92,1),(69,108,1),(69,114,1),(69,118,0),(69,132,0),(69,134,0),(69,135,0),(69,136,1),(69,137,0),(69,139,0),(69,140,1),(69,160,1),(69,161,0),(69,162,1),(69,164,1),(70,174,0),(70,213,1),(71,21,0),(71,25,1),(71,28,1),(71,29,1),(71,34,0),(71,38,0),(71,92,0),(71,94,1),(71,108,1),(71,112,1),(71,113,0),(71,114,0),(71,118,1),(71,132,0),(71,133,0),(71,134,0),(71,135,0),(71,136,0),(71,137,1),(71,139,0),(71,140,1),(71,153,1),(71,160,1),(71,161,0),(71,162,0),(71,164,1),(72,13,0),(72,71,0),(72,152,0),(72,153,1),(72,174,0),(72,175,0),(72,182,0),(72,191,0),(72,194,0),(75,82,1),(76,174,1),(76,193,1),(77,19,0),(77,20,0),(77,25,1),(77,28,1),(77,34,0),(77,38,1),(77,47,0),(77,92,1),(77,94,0),(77,112,0),(77,113,1),(77,114,1),(77,118,1),(77,132,0),(77,133,0),(77,134,0),(77,135,1),(77,137,0),(77,139,0),(77,152,0),(77,153,1),(77,160,0),(77,161,1),(77,162,1),(77,165,0),(81,13,0),(81,38,0),(81,56,1),(81,94,0),(81,134,0),(81,136,0),(81,137,0),(81,139,0),(81,140,0),(81,141,0),(81,160,0),(81,161,1),(81,162,1),(81,164,0),(81,175,0),(81,178,0),(81,179,0),(81,180,1),(81,181,0),(81,182,0),(81,184,1),(81,185,1),(81,186,1),(81,187,1),(81,188,1),(81,189,0),(81,191,0),(81,192,0),(81,193,1),(81,194,1),(81,201,1),(81,204,1),(81,205,1),(81,206,0),(81,207,0),(81,208,1),(81,209,0),(81,210,0),(84,185,0),(84,186,1),(84,187,0),(84,188,0),(84,189,1),(84,190,0),(84,191,0),(84,193,1),(84,194,1),(84,201,1),(84,202,1),(84,204,0),(84,205,1),(84,206,0),(84,207,0),(84,208,1),(84,209,0),(84,210,0),(84,221,1),(86,209,1),(86,210,1),(87,213,1),(89,82,1),(89,92,1),(89,94,1),(89,152,1),(89,184,1),(89,185,1),(89,186,0),(89,187,1),(89,188,0),(89,189,0),(89,190,0),(89,191,1),(89,192,1),(89,193,1),(89,194,1),(89,201,1),(89,202,0),(89,203,0),(89,204,1),(89,205,1),(89,206,0),(89,207,1),(89,208,1),(89,209,0),(89,210,0),(89,213,0),(89,221,1),(92,186,1),(92,187,1),(92,188,0),(92,189,1),(92,190,0),(92,191,0),(92,192,0),(92,193,1),(92,194,1),(92,201,1),(92,202,0),(92,204,1),(92,205,1),(92,206,0),(92,207,0),(92,208,1),(92,209,0),(92,210,1),(92,221,0),(93,137,0),(93,139,0),(93,140,1),(93,141,1),(93,160,1),(93,161,0),(93,162,1),(93,164,0),(93,175,0),(93,178,1),(93,179,1),(93,180,0),(93,184,1),(93,185,0),(93,186,0),(93,187,1),(93,188,0),(93,189,1),(93,190,1),(93,191,0),(93,192,0),(93,193,1),(93,194,0),(93,201,1),(93,202,0),(93,204,1),(93,205,1),(93,206,0),(93,207,0),(93,208,1),(93,209,0),(93,210,0),(93,221,0),(94,162,1),(94,164,0),(94,175,0),(94,178,1),(94,180,0),(94,184,0),(94,185,0),(94,186,1),(94,187,1),(94,188,0),(94,189,1),(94,190,0),(94,191,0),(94,192,0),(94,193,1),(94,194,1),(94,201,1),(94,202,0),(94,204,1),(94,205,1),(94,206,0),(94,207,0),(94,208,0),(94,209,0),(94,210,0),(94,221,0),(95,141,1),(95,160,0),(95,161,0),(95,162,1),(95,175,0),(95,178,1),(95,179,0),(95,182,0),(95,184,0),(95,185,0),(95,186,0),(95,187,0),(95,188,1),(95,189,0),(95,190,0),(95,191,0),(95,205,1),(95,206,0),(95,207,1),(95,208,0),(95,209,0),(95,210,0),(95,221,0),(96,160,0),(96,161,1),(96,162,1),(96,164,0),(96,175,0),(96,178,1),(96,179,1),(96,180,0),(96,182,1),(96,184,0),(96,185,0),(96,186,1),(96,187,1),(96,188,0),(96,189,1),(96,190,1),(96,191,0),(96,192,0),(96,193,1),(96,194,0),(96,201,1),(96,204,1),(96,205,1),(96,206,0),(96,207,1),(96,208,1),(96,209,0),(96,210,0),(96,221,0),(97,58,0),(97,190,0),(97,191,0),(97,206,0),(97,209,0),(97,213,1);
/*!40000 ALTER TABLE `user_vote_opinion` ENABLE KEYS */;
UNLOCK TABLES;

--
-- Table structure for table `vote_info`
--

DROP TABLE IF EXISTS `vote_info`;
/*!40101 SET @saved_cs_client     = @@character_set_client */;
/*!50503 SET character_set_client = utf8mb4 */;
CREATE TABLE `vote_info` (
  `id` bigint NOT NULL AUTO_INCREMENT,
  `title` varchar(255) NOT NULL,
  `start_date` timestamp NULL DEFAULT NULL,
  `end_date` timestamp NULL DEFAULT NULL,
  `category` int NOT NULL,
  `current_state` int NOT NULL DEFAULT '0',
  `detail` text NOT NULL,
  PRIMARY KEY (`id`)
) ENGINE=InnoDB AUTO_INCREMENT=223 DEFAULT CHARSET=utf8mb4 COLLATE=utf8mb4_0900_ai_ci;
/*!40101 SET character_set_client = @saved_cs_client */;

--
-- Dumping data for table `vote_info`
--

LOCK TABLES `vote_info` WRITE;
/*!40000 ALTER TABLE `vote_info` DISABLE KEYS */;
INSERT INTO `vote_info` VALUES (8,'T1은?','2024-08-09 16:10:15','2024-08-09 17:10:15',5,6,'상세 정보'),(9,'밸런스게임~','2024-08-09 16:13:35','2024-08-09 17:13:35',0,6,'상세정보'),(10,'마라탕은 맛있을까?','2024-08-10 14:34:52','2024-08-10 15:34:52',2,6,'냠냠쩝쩝'),(11,'아샷추는?','2024-08-10 14:35:55','2024-08-10 15:35:55',2,6,'진짜체고'),(12,'마라탕과 탕후루','2024-08-29 11:42:00','2024-08-29 12:02:00',2,3,'난 진짜 마라탕이 너무 좋다. . .'),(13,'본인 키 3m VS 1m','2024-08-13 23:11:00','2024-08-16 22:48:00',1,4,'신나는 밸런스 게임 욕설 금지'),(14,'배틀','2024-08-11 14:29:00','2024-08-11 14:39:00',0,8,'상세 정보'),(15,'엽떡 vs 신전','2024-08-11 18:00:59','2024-08-14 18:00:59',2,6,'아무리생각해도 엽떡인듯 ㅋ'),(16,'오늘 야식 불닭','2024-08-11 23:00:00','2024-08-11 23:10:00',2,9,'배고파배고파'),(17,'불닭 먹을까 말까','2024-08-12 08:47:47','2024-08-15 08:47:47',2,6,'안먹는다는건 사실 선택지에 없음 ㅋ'),(18,'점심메뉴 선택','2024-08-12 15:05:00','2024-08-12 15:15:00',2,6,'2024.08.12 싸피 점심밥'),(19,'워라벨 밸런스 게임','2024-08-12 11:51:49','2024-08-15 11:51:49',1,6,'ㅈㄱㄴ'),(20,'연봉 밸런스','2024-08-12 11:56:54','2024-08-15 11:56:54',1,6,'ㅈㄱㄴ'),(21,'탕수육은 부먹 vs 찍먹?','2024-08-12 12:15:14','2024-08-15 12:15:14',2,6,'asfd'),(22,'연봉 토론','2024-08-12 13:19:00','2024-08-12 13:39:00',1,6,'토론토론토론하자'),(23,'치약을 누가먹음 ㅋㅋ','2024-08-12 15:05:00','2024-09-12 15:25:00',2,4,'치약을 누가먹음 ㅋㅋ'),(24,'여자들의 소울 푸드는??','2024-08-12 15:05:00','2024-08-12 15:15:00',2,6,'당신의 선택은??\n욕설 금지입니다'),(25,'점심 메뉴 고르기','2024-08-12 14:16:13','2024-08-15 14:16:13',2,6,'짜장면 + 만두 VS  닭갈비 + 소세지'),(26,'따뜻한 냉면 vs 차가운 라면','2024-08-12 15:22:00','2024-08-12 15:52:00',2,1,'따뜻한 냉면이 낫지 않아..? 차가운 라면 보다는..??'),(27,'따뜻한 냉면 vs 차가운 라면','2024-08-12 15:05:00','2024-08-15 15:05:00',2,9,'차가운 라면 으엑'),(28,'따뜻한 냉면 vs 차가운 라면','2024-08-12 14:26:14','2024-08-15 14:26:14',2,6,'냉면 후후 불어먹어!'),(29,'찰스의 전용문은?','2024-08-12 14:51:31','2024-08-15 14:51:31',0,6,'15층은 경치가 참 좋습니다...'),(30,'밸런스게임','2024-08-12 15:05:20','2024-08-15 15:05:20',0,9,'testtesttesttesttesttesttesttesttesttesttesttesttesttesttesttesttesttesttesttesttesttesttesttesttesttesttesttesttesttesttesttesttesttesttesttesttesttesttesttesttesttesttesttesttesttesttesttesttesttesttesttesttesttesttesttesttesttesttesttest'),(31,'dff323','2024-08-12 17:10:00','2024-08-12 17:30:00',0,9,'32fwer'),(32,'why','2024-08-12 16:13:00','2024-08-12 16:23:00',0,9,'test'),(33,'부채질 등록','2024-08-12 15:20:39','2024-08-15 15:20:39',0,9,',,,,,,,,,,,,,,,,,,,,,,,,,,,,,,,,,,,,,'),(34,'롤 vs 옵치','2024-08-12 16:50:44','2024-08-15 16:50:44',4,6,'ㅁㅁ'),(35,'Best Programming Language','2024-08-12 17:20:35','2024-08-19 17:20:35',7,4,'Vote for the best programming language.'),(36,'치킨의 단짝은?','2024-08-12 19:25:00','2024-08-12 21:25:00',2,6,'영혼의 단짝을 가려보자'),(37,'여름엔?','2024-08-12 21:34:00','2024-08-12 21:44:00',2,9,'키키'),(38,'이 시대의 아이돌 탑은?!?','2024-08-12 21:15:00','2024-08-15 21:15:00',3,6,'유후~ '),(39,'휴대폰은?','2024-08-13 13:10:00','2024-08-13 13:30:00',6,8,'우리는 싸피니깐'),(41,'바다 vs 산','2024-08-12 00:00:00','2024-08-22 00:00:00',1,4,'여름 휴가를 떠나고 싶다면? 바다와 산 중 어디로 가고 싶으세요?'),(42,'강아지 vs 고양이','2024-08-12 00:00:00','2024-08-22 00:00:00',0,4,'반려동물로 강아지와 고양이 중 어느 쪽을 더 좋아하시나요?'),(43,'해외여행 vs 국내여행','2024-08-12 00:00:00','2024-08-22 00:00:00',1,4,'여행을 간다면 해외여행과 국내여행 중 어디로 가고 싶으세요?'),(44,'치킨 vs 피자','2024-08-12 00:00:00','2024-08-22 00:00:00',2,4,'오늘 저녁은 치킨과 피자 중 어느 것을 드시겠어요?'),(45,'콘서트 vs 영화','2024-08-12 00:00:00','2024-08-22 00:00:00',3,4,'주말에 가고 싶은 것은 콘서트와 영화 중 어느 쪽인가요?'),(46,'축구 vs 농구','2024-08-12 00:00:00','2024-08-22 00:00:00',5,4,'어떤 스포츠를 더 즐기시나요? 축구와 농구 중 하나를 선택하세요.'),(47,'롤 vs 오버워치','2024-08-12 00:00:00','2024-08-22 00:00:00',4,4,'어느 게임을 더 좋아하시나요? 롤과 오버워치 중 선택해 주세요.'),(48,'봄 vs 가을','2024-08-12 00:00:00','2024-08-22 00:00:00',1,4,'어느 계절을 더 좋아하시나요? 봄과 가을 중 하나를 선택해 주세요.'),(49,'해변에서 놀기 vs 산에서 캠핑','2024-08-12 00:00:00','2024-08-22 00:00:00',6,4,'휴일을 보내는 가장 좋은 방법은? 해변에서 놀기와 산에서 캠핑 중 하나를 선택해 주세요.'),(50,'아침형 인간 vs 저녁형 인간','2024-08-12 00:00:00','2024-08-22 00:00:00',1,4,'당신은 아침형 인간인가요, 저녁형 인간인가요?'),(51,'영화관에서 팝콘 vs 나초','2024-08-12 00:00:00','2024-08-22 00:00:00',2,4,'영화관에서 먹는 간식은 팝콘과 나초 중 어느 것을 더 선호하시나요?'),(52,'무인도에 하나만 가져간다면?','2024-08-13 15:10:00','2024-08-22 00:00:00',6,4,'무인도에 가져갈 수 있는 물건은 오직 하나뿐입니다. 무엇을 선택하시겠습니까?'),(53,'초능력을 가진다면?','2024-08-13 15:10:00','2024-08-22 00:00:00',6,4,'하나의 초능력을 가질 수 있다면, 무엇을 선택하시겠습니까?'),(54,'타임머신이 있다면?','2024-08-13 15:10:00','2024-08-22 00:00:00',6,8,'타임머신을 이용할 수 있다면, 어느 시대로 여행을 가고 싶으신가요?'),(56,'현실에서 게임 캐릭터로 살기 vs 가상현실 속 현실처럼 살기','2024-08-14 01:10:00','2024-08-22 00:00:00',4,4,'게임 속 캐릭터로 현실에서 살고 싶나요, 아니면 가상현실 속에서 현실처럼 살고 싶나요?'),(57,'무제한으로 먹을 수 있다면?','2024-08-13 15:10:00','2024-08-22 00:00:00',2,4,'어느 음식이 무제한으로 제공된다면, 무엇을 고르시겠습니까?'),(58,'1년 내내 여름 vs 1년 내내 겨울','2024-08-13 15:10:00','2024-08-22 00:00:00',1,4,'1년 내내 한 계절만 선택할 수 있다면, 여름과 겨울 중 어느 계절을 고르시겠습니까?'),(59,'외계인과의 첫 접촉','2024-08-13 15:10:00','2024-08-22 00:00:00',6,8,'외계인과 첫 접촉을 할 기회가 주어진다면, 어떻게 반응하시겠습니까?'),(60,'하루에 딱 한 가지 할 수 있다면?','2024-08-13 15:10:00','2024-08-22 00:00:00',0,9,'하루 동안 딱 한 가지 행동만 할 수 있다면, 무엇을 하시겠습니까?'),(61,'음악 없는 세상 vs 책 없는 세상','2024-08-13 15:10:00','2024-08-22 00:00:00',3,9,'음악과 책 중 하나를 포기해야 한다면, 어느 쪽을 선택하시겠습니까?'),(62,'평생 한 가지만 먹을 수 있다면?','2024-08-13 10:00:00','2024-08-14 00:00:00',2,8,'평생 한 가지 음식만 먹을 수 있다면, 어떤 음식을 선택하시겠습니까?'),(63,'하루 동안 초능력을 사용할 수 있다면?','2024-08-13 10:00:00','2024-08-22 00:00:00',6,8,'하루 동안 하나의 초능력을 사용할 수 있다면, 어떤 능력을 선택하시겠습니까?'),(64,'평생 한 가지 취미만 할 수 있다면?','2024-08-13 10:00:00','2024-08-22 00:00:00',1,4,'평생 한 가지 취미만 가질 수 있다면, 어떤 취미를 선택하시겠습니까?'),(65,'여름에 가고 싶은 휴양지는?','2024-08-13 10:00:00','2024-08-22 00:00:00',6,8,'여름 휴가로 한 군데만 갈 수 있다면, 어디를 선택하시겠습니까?'),(66,'만약 하나의 게임만 할 수 있다면?','2024-08-13 10:00:00','2024-08-22 00:00:00',4,8,'평생 동안 하나의 게임만 할 수 있다면, 어떤 게임을 선택하시겠습니까?'),(67,'최고의 디저트는?','2024-08-13 10:00:00','2024-08-22 00:00:00',2,4,'디저트를 하나만 고를 수 있다면, 어떤 디저트를 선택하시겠습니까?'),(68,'하루 동안 유명인과 시간을 보낼 수 있다면?','2024-08-13 10:00:00','2024-08-22 00:00:00',3,4,'하루 동안 시간을 보낼 수 있는 유명인과 함께라면, 누구를 선택하시겠습니까?'),(69,'영화 장르를 고른다면?','2024-08-13 10:00:00','2024-08-22 00:00:00',3,4,'영화를 한 편만 볼 수 있다면, 어떤 장르를 선택하시겠습니까?'),(70,'초능력을 가질 수 있다면?','2024-08-13 10:00:00','2024-08-22 00:00:00',6,8,'한 가지 초능력을 가질 수 있다면, 무엇을 선택하시겠습니까?'),(71,'잠실의 주인은?','2024-08-15 17:55:00','2024-08-30 21:48:00',5,4,'평생 동안 하나의 스포츠만 즐길 수 있다면, 어떤 스포츠를 선택하시겠습니까?'),(72,'프로그래밍 언어 하나만 사용할 수 있다면?','2024-08-13 00:00:00','2024-08-22 00:00:00',6,8,'평생 하나의 프로그래밍 언어만 사용할 수 있다면, 어떤 언어를 선택하시겠습니까?'),(73,'프로그래머로서 중요하게 생각하는 것은?','2024-08-13 00:00:00','2024-08-22 00:00:00',6,8,'프로그래머로서 가장 중요하게 생각하는 것은 무엇입니까?'),(74,'선호하는 개발 환경은?','2024-08-13 00:00:00','2024-08-22 00:00:00',6,8,'당신이 가장 선호하는 개발 환경은 무엇입니까?'),(75,'코딩을 배울 때 더 나은 방법은?','2024-08-13 00:00:00','2024-08-22 00:00:00',6,8,'코딩을 처음 배울 때 더 효과적인 방법은 무엇이라고 생각하십니까?'),(76,'선호하는 버전 관리 시스템은?','2024-08-13 00:00:00','2024-08-22 00:00:00',6,8,'당신이 가장 선호하는 버전 관리 시스템은 무엇입니까?'),(77,'더 재미있는 프로그래밍 분야는?','2024-08-13 00:00:00','2024-08-22 00:00:00',6,8,'당신이 더 재미있게 생각하는 프로그래밍 분야는 무엇입니까?'),(78,'가장 중요한 코딩 습관은?','2024-08-13 00:00:00','2024-08-22 00:00:00',6,8,'프로그래밍을 할 때 가장 중요한 습관은 무엇이라고 생각하십니까?'),(79,'더 선호하는 프로그래밍 방식은?','2024-08-13 00:00:00','2024-08-22 00:00:00',6,8,'당신이 더 선호하는 프로그래밍 방식은 무엇입니까?'),(80,'개발자로서 가장 중요하다고 생각하는 소프트 스킬은?','2024-08-13 00:00:00','2024-08-22 00:00:00',6,8,'개발자로서 가장 중요하다고 생각하는 소프트 스킬은 무엇입니까?'),(81,'프로젝트 관리에서 중요한 것은?','2024-08-13 00:00:00','2024-08-22 00:00:00',6,8,'프로젝트 관리에서 가장 중요한 요소는 무엇이라고 생각하십니까?'),(82,'이상형과의 데이트 코스 선택','2024-08-13 11:00:00','2024-08-22 00:00:00',0,4,'이상형과의 첫 데이트에서 어디를 가고 싶으신가요?'),(83,'사랑을 표현하는 최고의 방법','2024-08-13 11:00:00','2024-08-22 00:00:00',0,4,'사랑을 표현하는 최고의 방법은 무엇이라고 생각하시나요?'),(84,'이상형이 귀엽 vs 섹시','2024-08-13 11:00:00','2024-08-22 00:00:00',0,4,'이상형의 매력 포인트가 귀여움일까요, 섹시함일까요?'),(85,'영원히 한 사람만 사랑할 수 있다면?','2024-08-13 11:00:00','2024-08-22 00:00:00',0,4,'하나의 사랑만 평생 유지할 수 있다면, 어떤 사랑을 선택하시겠습니까?'),(86,'만약 연예인이 될 수 있다면?','2024-08-13 11:00:00','2024-08-22 00:00:00',3,4,'연예인이 될 수 있다면, 어떤 분야에서 활동하고 싶으신가요?'),(87,'최고의 예능 프로그램','2024-08-13 11:00:00','2024-08-22 00:00:00',3,4,'예능 프로그램 중 가장 재미있었던 방송은 무엇이었나요?'),(88,'연예인과 하루를 보낸다면?','2024-08-13 11:00:00','2024-08-22 00:00:00',3,4,'하루를 보낼 수 있는 연예인과 함께라면, 누구를 선택하시겠습니까?'),(89,'오랜 연애 vs 짧고 강렬한 연애','2024-08-13 11:00:00','2024-08-22 00:00:00',0,4,'오랜 시간 지속되는 연애와 짧지만 강렬한 연애 중 무엇을 선호하시나요?'),(90,'하루 종일 할 수 있는 게임','2024-08-13 11:00:00','2024-08-22 00:00:00',4,4,'하루 종일 할 수 있는 게임 중 하나를 선택해야 한다면, 어떤 게임을 하시겠습니까?'),(91,'레트로 게임 vs 최신 게임','2024-08-13 11:00:00','2024-08-22 00:00:00',4,8,'레트로 게임과 최신 게임 중 하나만 선택할 수 있다면, 어떤 게임을 선택하시겠습니까?'),(92,'프론트 vs 백엔드','2024-08-13 00:37:03','2024-08-16 00:37:03',6,6,'🐧'),(93,'나의 주특기는?','2024-10-25 02:41:00','2024-10-25 02:51:00',0,3,'2'),(94,'소프트아이스크림은?','2024-08-13 11:23:00','2024-08-16 11:23:00',2,5,'선데이 아이스크림 먹고 싶ㄷ..'),(95,'마라탕 맛의 맵기는','2024-08-13 10:44:00','2024-08-13 10:54:00',2,1,'마라탕도 먹고 싶ㄷ...'),(96,'새로운 토론을 등록하겠습니다.','2024-10-25 02:41:00','2024-10-25 02:51:00',1,9,'ㄴㄴㄴ'),(97,'asdhg','2024-08-13 11:23:00','2024-08-13 11:33:00',2,1,'zxc'),(98,'zxcv','2024-08-13 11:31:00','2024-08-13 11:41:00',1,1,'1'),(99,'zxcvzxcvzx','2024-08-29 10:40:00','2024-08-29 11:00:00',1,1,'xzcv'),(100,'에러 처리 테스트','2024-10-25 02:20:00','2024-10-25 02:30:00',6,9,'ㅇㅇㅇㅇ'),(101,'하이하이','2024-08-13 11:58:00','2024-08-13 12:08:00',0,9,'ㅇㅇㅇㅇㅇ'),(102,'ㅇㅇㅇㅇ','2024-08-13 12:00:00','2024-08-13 12:10:00',2,9,'ㅇㄹㄴㅇㄹㄴ'),(103,'경찬이는 오늘 점심시간에','2024-08-29 03:58:00','2024-08-29 04:08:00',1,1,'츠ㅡㅊ치치치칯츠츠츠츠츷 ㅡ츠ㅡㅊ < 경찬이 웃음소리'),(104,'테스트는 하기 싫다','2024-08-13 13:02:00','2024-08-13 13:12:00',6,1,'제발 그만...'),(105,'오늘 점심 메뉴','2024-08-13 13:05:00','2024-08-13 13:15:00',2,1,'으ㅏ아아ㅏ아ㅏ'),(106,'오늘저녁메뉴','2024-08-13 13:09:00','2024-08-13 13:19:00',2,1,'마라탕 먹고 싶다'),(107,'ㅇ','2024-08-26 12:16:00','2024-08-26 12:26:00',0,9,'ㅇ'),(108,'수연이는 어떤 사람인가','2024-08-13 12:28:15','2024-08-16 12:28:15',0,5,'조수연은 신이다'),(109,'최강의 야구 팀은??','2024-08-14 12:35:00','2024-08-14 13:35:00',5,9,'야빠들 모여봐라'),(110,'오늘은','2024-09-01 12:36:00','2024-09-01 12:46:00',1,1,'냥냥'),(111,'ddddd','2024-08-13 13:41:00','2024-08-16 13:41:00',1,9,'ㅇㅇㅇ'),(112,'연애 고민 해결 좀','2024-08-13 14:23:00','2024-08-16 14:23:00',0,5,'겠냐'),(113,'최고의 FPS 게임은?','2024-08-13 15:30:00','2024-08-16 15:30:00',4,5,'배틀의 민족이지~'),(114,'여행 장소 추천','2024-08-13 16:31:00','2024-08-16 16:31:00',1,5,'추워요'),(115,'몇개째냐...','2024-08-13 17:54:00','2024-08-13 18:04:00',6,1,'ㅠㅠ'),(116,'몇개째냐22','2024-08-13 19:54:00','2024-08-13 20:04:00',6,1,'몇개째냐22'),(117,'몇개째냐2233','2024-08-13 21:55:00','2024-08-13 22:05:00',6,1,'몇개째냐2233'),(118,'살려줘요','2024-08-13 21:57:00','2024-08-16 21:57:00',6,5,'꺼내줘요'),(119,'아아아ㅏㅏ','2024-08-13 23:22:00','2024-08-13 23:32:00',1,9,'아아아ㅏㅏ'),(120,'saddfsaddfsaddfs','2024-08-13 15:57:00','2024-08-16 15:57:00',5,9,'ffffffffffffffffffffffffffffffffffffffffffffffffffffffffffffffffffffffffffffffffffffffffffffffffffffffffffffffffffffffffffffffffffffffffffffffffffffffffffffffffffffffffffffffffffffffffffffffffffffffffffffffffffffffffffffffffffffffffffffffffffffffffffffffffffffffffffffffffffffffffffffffffffffffffffffffffffffffffffffffffffffffffffffffffffffffffffffffffffffffffffffffffffffffffffffffffffffffffffffffffffffffffffffffffffffffffffffffffffffffffffffffffffffffffffffffffffffffffffffffffffffffffffffffffffffffffffffffffffffffffffffffffffffffffffffffffffffffffffffffffffffffffffffffffffffffffffffffffffffffffffffffffffffffffffffffffffffffffffffffffffffffffffffffffffffffffffffffffffffffffffffffffffffffffffffffffffffffffffffffffffffffffffffffffffffffffffffffffffffffffffffffffffffffffffffffffffffffffffffffffffffffffffffffffffffffffffffffffffffffffffffffffffffffffffffffffffffffffffffffffffffffffffffffffffffffffffffffffffffffffffffffffffffffffffffffffffffffffffffffffffffffffffffffffffffffffffffffffffffffffffffffffffffffffffffffffffffffffffffffffffffffffffffffffffffffffffffffffffffffffffffffffffffffffffffffffffffffffffffffffffffffffffffffffffffffffffffffffffffffffffffffffffffffffffffffffffffffffffffffffffffffffffffffffffffffffffffffffffffffffffffffffffffffffffffffffffffffffffffffffffffffffffffffffffffffffffffffffffffffffffffffffffffffffffffffffffffffffffffffffffffffffffffffffffffffffffffffffffffffffffffffffffffffffffffffffffffffffffffffffffffffffffffffffffffffffffffffffffffffffffffffffffffffffffffffffffffffffffffffffffffffffffffffffffffffffffffffffffffffffffffffffffffffffffffffffffffffffffffffffffffffffffffffffffffffffffffffffffffffffffffffffffffffffffffffffffffffffffffffffffffffffffffffffffffffffffffffffffffffffffffffffffffffffffffffffffffffffffffffffffffffffffffffffffffffffffffffffffffffffffffffffffffffffffffffffffffffffffffffffffffffffffffffffffffffffffffffffffffffffffffffffffffffffffffffffffffffffffffffffffffffffffffffffffffffffffffffffffffffffffffffffffffffffffffffffffffffffffffffffffffffffffffffffffffffffffffffffffffffffffffffffffffffffffffffffffffffffffffffffffffffffffffffffffffffffffffffffffffffffffffffffffffffffffffffffffffffffffffffffffffffffffffffffffffffffffffffffffffffffffffffffffffffffffffffffffffffffffffffffffffffffffffffffffffffffffffffffffffffffffffffffffffffffffffffffffffffffffffffffffffffffffffffffffffffffffffffffffffffffffffffffffffffffffffffffffffffffffffffffffffffffffffffffffffffffffffffffffffffffffffffffffffffffffffffffffffffffffffffffffffffffffffffffffffffffffffffffffffffffffffffffffffffffffffffffffffffffffffffffffffffffffffffffffffffffffffffffffffffffffffffffffffffffffffffffffffffffffffffffffffffffffffffffffffffffffffffffffffffffffffffffffffffffffffffffffffffffffffffffffffffffffffffffffffffffffffffffffffffffffffffffffffffffffffffffffffffffffffffffffffffffffffffffffffffffffffffffffffffffffffffffffffffffffffffffffffffffffffffffffffffffffffffffffffffffffffffffffffffffffffffffffffffffffffffffffffffffffffffffffffffffff'),(121,'tt','2024-08-13 15:58:00','2024-08-16 15:58:00',6,9,'test'),(122,'zsfrwerwer','2024-08-15 16:19:00','2024-08-15 17:19:00',0,1,'werwefeefefef'),(123,'gge','2024-08-17 15:19:00','2024-08-17 15:39:00',1,9,'t43t'),(124,'234234234','2024-08-13 22:59:00','2024-08-16 22:59:00',0,9,'sadfasewwefwfwefwfweffsadfasewwefwfwefwfweffsadfasewwefwfwefwfweffsadfasewwefwfwefwfweffsadfasewwefwfwefwfweffsadfasewwefwfwefwfweffsadfasewwefwfwefwfweffsadfasewwefwfwefwfweffsadfasewwefwfwefwfweffsadfasewwefwfwefwfweffsadfasewwefwfwefwfweffsadfasewwefwfwefwfweffsadfasewwefwfwefwfweffsadfasewwefwfwefwfweffsadfasewwefwfwefwfweffsadfasewwefwfwefwfweff111111111111111'),(125,'3234','2024-08-13 15:21:44','2024-08-16 15:21:44',0,9,'ㄴㅇㄹㄴㅇㄴㅇㄹㄴㄴㅇㄹㄴㅇㄹㄴㅇㄹㄴ'),(126,'test','2024-08-13 22:59:00','2024-08-16 22:59:00',1,9,'ttt'),(127,'test','2024-08-13 22:59:00','2024-08-16 22:59:00',0,9,'tewwt'),(128,'tttttttt','2024-08-13 22:59:00','2024-08-16 22:59:00',1,9,'test'),(129,'새롭게 등록을 시도','2024-08-13 16:16:00','2024-08-13 16:26:00',1,9,'ㄴㅇㅎㄴㅇㅎㄴㅇㅎ'),(130,'ㅇㄴㄹㄴㅇㅎㅇㄶㅇㄴ','2024-08-13 16:21:00','2024-08-13 16:31:00',2,9,'ㅇㄴㄹㄴㅇㄹㄴㅇㄹ'),(131,'냥냥','2024-08-14 13:30:00','2024-08-14 14:30:00',1,9,'테스트~ㅁㄴㄹㅇㅁㄴ;ㅣㄹ온;미라ㅗㄴㅇ미ㅏ;ㄹ테스트~ㅁㄴㄹㅇㅁㄴ;ㅣㄹ온;미라ㅗㄴㅇ미ㅏ;ㄹ테스트~ㅁㄴㄹㅇㅁㄴ;ㅣㄹ온;미라ㅗㄴㅇ미ㅏ;ㄹ테스트~ㅁㄴㄹㅇㅁㄴ;ㅣㄹ온;미라ㅗㄴㅇ미ㅏ;ㄹ테스트~ㅁㄴㄹㅇㅁㄴ;ㅣㄹ온;미라ㅗㄴㅇ미ㅏ;ㄹ테스트~ㅁㄴㄹㅇㅁㄴ;ㅣㄹ온;미라ㅗㄴㅇ미ㅏ;ㄹ테스트~ㅁㄴㄹㅇㅁㄴ;ㅣㄹ온;미라ㅗㄴㅇ미ㅏ;ㄹ테스트~ㅁㄴㄹㅇㅁㄴ;ㅣㄹ온;미라ㅗㄴㅇ미ㅏ;ㄹ테스트~ㅁㄴㄹㅇㅁㄴ;ㅣㄹ온;미라ㅗㄴㅇ미ㅏ;ㄹ테스트~ㅁㄴㄹㅇㅁㄴ;ㅣㄹ온;미라ㅗㄴㅇ미ㅏ;ㄹ테스트~ㅁㄴㄹㅇㅁㄴ;ㅣㄹ온;미라ㅗㄴㅇ미ㅏ;ㄹ테스트~ㅁㄴㄹㅇㅁㄴ;ㅣㄹ온;미라ㅗㄴㅇ미ㅏ;ㄹ테스트~ㅁㄴㄹㅇㅁㄴ;ㅣㄹ온;미라ㅗㄴㅇ미ㅏ;ㄹ테스트~ㅁㄴㄹㅇㅁㄴ;ㅣㄹ온;미라ㅗㄴㅇ미ㅏ;ㄹ테스트~ㅁㄴㄹㅇㅁㄴ;ㅣㄹ온;미라ㅗㄴㅇ미ㅏ;ㄹ테스트~ㅁㄴㄹㅇㅁㄴ;ㅣㄹ온;미라ㅗㄴㅇ미ㅏ;ㄹ테스트~ㅁㄴㄹㅇㅁㄴ;ㅣㄹ온;미라ㅗㄴㅇ미ㅏ;ㄹ테스트~ㅁㄴㄹㅇㅁㄴ;ㅣㄹ온;미라ㅗㄴㅇ미ㅏ;ㄹ테스트~ㅁㄴㄹㅇㅁㄴ;ㅣㄹ온;미라ㅗㄴㅇ미ㅏ;ㄹ테스트~ㅁㄴㄹㅇㅁㄴ;ㅣㄹ온;미라ㅗㄴㅇ미ㅏ;ㄹ테스트~ㅁㄴㄹㅇㅁㄴ;ㅣㄹ온;미라ㅗㄴㅇ미ㅏ;ㄹ테스트~ㅁㄴㄹㅇㅁㄴ;ㅣㄹ온;미라ㅗㄴㅇ미ㅏ;ㄹ테스트~ㅁㄴㄹㅇㅁㄴ;ㅣㄹ온;미라ㅗㄴㅇ미ㅏ;ㄹ테스트~ㅁㄴㄹㅇㅁㄴ;ㅣㄹ온;미라ㅗㄴㅇ미ㅏ;ㄹ테스트~ㅁㄴㄹㅇㅁㄴ;ㅣㄹ온;미라ㅗㄴㅇ미ㅏ;ㄹ테스트~ㅁㄴㄹㅇㅁㄴ;ㅣㄹ온;미라ㅗㄴㅇ미ㅏ;ㄹ테스트~ㅁㄴㄹㅇㅁㄴ;ㅣㄹ온;미라ㅗㄴㅇ미ㅏ;ㄹ테스트~ㅁㄴㄹㅇㅁㄴ;ㅣㄹ온;미라ㅗㄴㅇ미ㅏ;ㄹ테스트~ㅁㄴㄹㅇㅁㄴ;ㅣㄹ온;미라ㅗㄴㅇ미ㅏ;ㄹ테스트~ㅁㄴㄹㅇㅁㄴ;ㅣㄹ온;미라ㅗㄴㅇ미ㅏ;ㄹ테스트~ㅁㄴㄹㅇㅁㄴ;ㅣㄹ온;미라ㅗㄴㅇ미ㅏ;ㄹ테스트~ㅁㄴㄹㅇㅁㄴ;ㅣㄹ온;미라ㅗㄴㅇ미ㅏ;ㄹ테스트~ㅁㄴㄹㅇㅁㄴ;ㅣㄹ온;미라ㅗㄴㅇ미ㅏ;ㄹ'),(132,'파인애플은?','2024-08-13 22:59:00','2024-08-16 22:59:00',2,5,'하와이안 최고~!'),(133,'이편지는영국에서부터시작..','2024-08-13 17:48:00','2024-08-16 17:48:00',1,5,'이편지는영국에서'),(134,'초콜릿은?','2024-08-13 17:53:00','2024-08-16 17:53:00',2,5,'뭐든좋긴해'),(135,'프로그래밍 언어의 근본은?','2024-08-13 17:54:17','2024-08-16 17:54:17',6,5,'자바바칩 프라푸치노'),(136,'더 좋은 과목은?','2024-08-13 22:59:00','2024-08-16 22:59:00',6,5,'저는 수학을 참 좋아했어요'),(137,'졸릴땐?','2024-08-13 18:29:43','2024-08-16 18:29:43',2,5,'커피없인 못살아 정맛못살아'),(138,'제육은','2024-08-30 20:30:00','2024-08-30 21:00:00',2,9,'제육에 돈까스 체고지예'),(139,'맛있는 거 먹고싶을땐?','2024-08-13 22:49:00','2024-08-16 22:49:00',2,5,'이런이런이런이런이런이런이런이런이런이런이런이런이런이런이런이런이런이런이런이런이런이런이런이런이런이런이런이런이런이런이런이런이런이런이런이런이런이런이런이런이런이런이런이런이런이런이런이런이런이런이런이런이런이런이런이런이런이런이런이런이런이런이런이런이런이런이런이런이런이런이런이런이런이런이런이런이런이런이런이런'),(140,'가위바위보를 하게된다면?','2024-08-13 23:03:00','2024-08-16 23:03:00',6,5,'가바보'),(141,'용돈을 받게 된다면?','2024-08-14 00:12:00','2024-08-16 00:22:00',1,6,'당신의 선택은?'),(142,'솔직히 장원영>>안유진','2024-08-30 23:26:00','2024-08-30 23:36:00',3,2,'난 장원영이 너무좋아'),(143,'꿈은?','2024-08-15 19:45:00','2024-08-30 17:30:00',6,4,'힝구링!!!!'),(144,'해야할일','2024-08-20 15:35:00','2024-08-27 16:32:00',1,3,'저는 ISTP입니다'),(145,'라면은?','2024-09-27 23:34:00','2024-09-27 23:44:00',2,2,'배고프당'),(146,'15분동안 -$2.7','2024-08-26 23:42:00','2024-08-27 00:12:00',1,2,'ㅜㅜㅜㅜㅜ@!!!'),(147,'6명이서 나누면 별거 아님','2024-08-30 23:40:00','2024-08-30 23:50:00',6,0,'ㅎㅎ'),(148,'민트초코? 초코민트?','2024-08-14 14:50:00','2024-08-14 15:50:00',2,8,'우우~맛없어'),(149,'국민체조 vs 새천년체조','2024-08-14 00:43:00','2024-08-14 00:53:00',0,8,'이런이런이런이런이런이런이런이런이런이런이런이런이런이런이런이런이런이런이런이런이런이런이런이런이런이런이런이런이런이런이런이런이런이런이런이런이런이런이런이런이런이런이런이런이런이런이런이런이런이런이런이런이런이런이런이런이런이런이런이런이런이런이런이런이런이런이런이런이런이런이런이런이런이런이런이런이런이런이런이런이런이런이런이런이런이런이런이런이런이런이런이런이런이런이런이런이런이런이런이런이런이런이런이런'),(151,'솔직히 대세는 발로란트 아닌가','2024-08-14 01:10:00','2024-08-20 02:10:00',4,4,'Sentinel win'),(152,'싸내연애..해도될까요?','2024-08-14 01:30:00','2024-08-26 02:30:00',0,4,'싸내연애... 전 너무 좋아요'),(153,'아무래도올해우승은엘지트윈스가','2024-08-14 05:41:00','2024-08-27 06:41:00',5,4,'한국 야구 KBO 대표팀 엘~~~지~~~~트윈~~~~s빠바밤빠바밤 엘~~~지~~~twinss~~~~~'),(154,'프링글스 한통은 식사 아닌가?','2025-05-14 20:45:00','2025-05-14 20:55:00',2,2,'프링글스냠냠쩝쩝'),(155,'X를 눌러 조이를 표하십시오.','2024-08-14 13:43:00','2024-08-14 13:53:00',6,6,'XXX'),(156,'테스트','2024-08-14 14:50:00','2024-08-14 15:00:00',0,1,'ㅁㅇㄻㄻ'),(157,'ㄴㅇㅇ','2024-09-27 22:52:00','2024-09-27 23:02:00',1,1,'ㄴㅇㄹㄴㄹㅇ'),(158,'갈매기의 상징은?','2024-09-14 15:54:00','2024-09-14 16:04:00',6,2,'까악까악??!!'),(159,'ㅇㄻㅇㄻ','2024-10-11 13:01:00','2024-10-11 13:11:00',2,1,'ㅇㄻㄹ'),(160,'특화 프로젝트','2024-08-14 13:40:43','2024-08-17 13:40:43',1,5,'아직도 갈팡질팡,,,'),(161,'취준생 마지노선','2024-08-14 13:42:53','2024-08-17 13:42:53',1,5,'내 자리만 있다면야,,,'),(162,'더 무서운 상황은?','2024-08-14 14:18:08','2024-08-17 14:18:08',1,5,'으악'),(163,'asdgasdgasdgasdg','2024-08-14 14:22:55','2024-08-17 14:22:55',3,9,'sdgasdgasdgasdgasdgasdgasdgsadgasdgsadgsadgsadgasdgsadgasdgasdgsdgsdagasdgsdgasdgasdgassdgasdgasdgasdgasdgasdgasdgsadgasdgsadgsadgsadgasdgsadgasdgasdgsdgsdagasdgsdgasdgasdgassdgasdgasdgasdgasdgasdgasdgsadgasdgsadgsadgsadgasdgsadgasdgasdgsdgsdagasdgsdgasdgasdgassdgasdgasdgasdgasdgasdgasdgsadgasdgsadgsadgsadgasdgsadgasdgasdgsdgsdagasdgsdgasdgasdgassdgasdgasdgasdgasdgasdgasdgsadgasdgsadgsadgsadgasdgsadgasdgasdgsdgsdagasdgsdgasdgasdgassdgasdgasdgasdgasdgasdgasdgsadgasdgsadgsadgsadgasdgsadgasdgasdgsdgsdagasdgsdgasdgasdgassdgasdgasdgasdgasdgasdgasdgsadgasdgsadgsadgsadgasdgsadgasdgasdgsdgsdagasdgsdgasdgasdgassdgasdgasdgasdgasdgasdgasdgsadgasdgsadgsadgsadgasdgsadgasdgasdgsdgsdagasdgsdgasdgasdgassdgasdgasdgasdgasdgasdgasdgsadgasdgsadgsadgsadgasdgsadgasdgasdgsdgsdagasdgsdgasdgasdgassdgasdgasdgasdgasdgasdgasdgsadgasdgsadgsadgsadgasdgsadgasdgasdgsdgsdagasdgsdgasdgasdgassdgasdgasdgasdgasdgasdgasdgsadgasdgsadgsadgsadgasdgsadgasdgasdgsdgsdagasdgsdgasdgasdgassdgasdgasdgasdgasdgasdgasdgsadgasdgsadgsadgsadgasdgsadgasdgasdgsdgsdagasdgsdgasdgasdgassdgasdgasdgasdgasdgasdgasdgsadgasdgsadgsadgsadgasdgsadgasdgasdgsdgsdagasdgsdgasdgasdgassdgasdgasdgasdgasdgasdgasdgsadgasdgsadgsadgsadgasdgsadgasdgasdgsdgsdagasdgsdgasdgasdgassdgasdgasdgasdgasdgasdgasdgsadgasdgsadgsadgsadgasdgsadgasdgasdgsdgsdagasdgsdgasdgasdgassdgasdgasdgasdgasdgasdgasdgsadgasdgsadgsadgsadgasdgsadgasdgasdgsdgsdagasdgsdgasdgasdgassdgasdgasdgasdgasdgasdgasdgsadgasdgsadgsadgsadgasdgsadgasdgasdgsdgsdagasdgsdgasdgasdgassdgasdgasdgasdgasdgasdgasdgsadgasdgsadgsadgsadgasdgsadgasdgasdgsdgsdagasdgsdgasdgasdgassdgasdgasdgasdgasdgasdgasdgsadgasdgsadgsadgsadgasdgsadgasdgasdgsdgsdagasdgsdgasdgasdgassdgasdgasdgasdgasdgasdgasdgsadgasdgsadgsadgsadgasdgsadgasdgasdgsdgsdagasdgsdgasdgasdgassdgasdgasdgasdgasdgasdgasdgsadgasdgsadgsadgsadgasdgsadgasdgasdgsdgsdagasdgsdgasdgasdgassdgasdgasdgasdgasdgasdgasdgsadgasdgsadgsadgsadgasdgsadgasdgasdgsdgsdagasdgsdgasdgasdgassdgasdgasdgasdgasdgasdgasdgsadgasdgsadgsadgsadgasdgsadgasdgasdgsdgsdagasdgsdgasdgasdgassdgasdgasdgasdgasdgasdgasdgsadgasdgsadgsadgsadgasdgsadgasdgasdgsdgsdagasdgsdgasdgasdgassdgasdgasdgasdgasdgasdgasdgsadgasdgsadgsadgsadgasdgsadgasdgasdgsdgsdagasdgsdgasdgasdgassdgasdgasdgasdgasdgasdgasdgsadgasdgsadgsadgsadgasdgsadgasdgasdgsdgsdagasdgsdgasdgasdgassdgasdgasdgasdgasdgasdgasdgsadgasdgsadgsadgsadgasdgsadgasdgasdgsdgsdagasdgsdgasdgasdgassdgasdgasdgasdgasdgasdgasdgsadgasdgsadgsadgsadgasdgsadgasdgasdgsdgsdagasdgsdgasdgasdgassdgasdgasdgasdgasdgasdgasdgsadgasdgsadgsadgsadgasdgsadgasdgasdgsdgsdagasdgsdgasdgasdgassdgasdgasdgasdgasdgasdgasdgsadgasdgsadgsadgsadgasdgsadgasdgasdgsdgsdagasdgsdgasdgasdgassdgasdgasdgasdgasdgasdgasdgsadgasdgsadgsadgsadgasdgsadgasdgasdgsdgsdagasdgsdgasdgasdgassdgasdgasdgasdgasdgasdgasdgsadgasdgsadgsadgsadgasdgsadgasdgasdgsdgsdagasdgsdgasdgasdgassdgasdgasdgasdgasdgasdgasdgsadgasdgsadgsadgsadgasdgsadgasdgasdgsdgsdagasdgsdgasdgasdgassdgasdgasdgasdgasdgasdgasdgsadgasdgsadgsadgsadgasdgsadgasdgasdgsdgsdagasdgsdgasdgasdgassdgasdgasdgasdgasdgasdgasdgsadgasdgsadgsadgsadgasdgsadgasdgasdgsdgsdagasdgsdgasdgasdgassdgasdgasdgasdgasdgasdgasdgsadgasdgsadgsadgsadgasdgsadgasdgasdgsdgsdagasdgsdgasdgasdgassdgasdgasdgasdgasdgasdgasdgsadgasdgsadgsadgsadgasdgsadgasdgasdgsdgsdagasdgsdgasdgasdgassdgasdgasdgasdgasdgasdgasdgsadgasdgsadgsadgsadgasdgsadgasdgasdgsdgsdagasdgsdgasdgasdgassdgasdgasdgasdgasdgasdgasdgsadgasdgsadgsadgsadgasdgsadgasdgasdgsdgsdagasdgsdgasdgasdgassdgasdgasdgasdgasdgasdgasdgsadgasdgsadgsadgsadgasdgsadgasdgasdgsdgsdagasdgsdgasdgasdgassdgasdgasdgasdgasdgasdgasdgsadgasdgsadgsadgsadgasdgsadgasdgasdgsdgsdagasdgsdgasdgasdgassdgasdgasdgasdgasdgasdgasdgsadgasdgsadgsadgsadgasdgsadgasdgasdgsdgsdagasdgsdgasdgasdgassdgasdgasdgasdgasdgasdgasdgsadgasdgsadgsadgsadgasdgsadgasdgasdgsdgsdagasdgsdgasdgasdgassdgasdgasdgasdgasdgasdgasdgsadgasdgsadgsadgsadgasdgsadgasdgasdgsdgsdagasdgsdgasdgasdgassdgasdgasdgasdgasdgasdgasdgsadgasdgsadgsadgsadgasdgsadgasdgasdgsdgsdagasdgsdgasdgasdgassdgasdgasdgasdgasdgasdgasdgsadgasdgsadgsadgsadgasdgsadgasdgasdgsdgsdagasdgsdgasdgasdgassdgasdgasdgasdgasdgasdgasdgsadgasdgsadgsadgsadgasdgsadgasdgasdgsdgsdagasdgsdgasdgasdgassdgasdgasdgasdgasdgasdgasdgsadgasdgsadgsadgsadgasdgsadgasdgasdgsdgsdagasdgsdgasdgasdgassdgasdgasdgasdgasdgasdgasdgsadgasdgsadgsadgsadgasdgsadgasdgasdgsdgsdagasdgsdgasdgasdgassdgasdgasdgasdgasdgasdgasdgsadgasdgsadgsadgsadgasdgsadgasdgasdgsdgsdagasdgsdgasdgasdgassdgasdgasdgasdgasdgasdgasdgsadgasdgsadgsadgsadgasdgsadgasdgasdgsdgsdagasdgsdgasdgasdgassdgasdgasdgasdgasdgasdgasdgsadgasdgsadgsadgsadgasdgsadgasdgasdgsdgsdagasdgsdgasdgasdgassdgasdgasdgasdgasdgasdgasdgsadgasdgsadgsadgsadgasdgsadgasdgasdgsdgsdagasdgsdgasdgasdgassdgasdgasdgasdgasdgasdgasdgsadgasdgsadgsadgsadgasdgsadgasdgasdgsdgsdagasdgsdgasdgasdgassdgasdgasdgasdgasdgasdgasdgsadgasdgsadgsadgsadgasdgsadgasdgasdgsdgsdagasdgsdgasdgasdgassdgasdgasdgasdgasdgasdgasdgsadgasdgsadgsadgsadgasdgsadgasdgasdgsdgsdagasdgsdgasdgasdgassdgasdgasdgasdgasdgasdgasdgsadgasdgsadgsadgsadgasdgsadgasdgasdgsdgsdagasdgsdgasdgasdgassdgasdgasdgasdgasdgasdgasdgsadgasdgsadgsadgsadgasdgsadgasdgasdgsdgsdagasdgsdgasdgasdgassdgasdgasdgasdgasdgasdgasdgsadgasdgsadgsadgsadgasdgsadgasdgasdgsdgsdagasdgsdgasdgasdgassdgasdgasdgasdgasdgasdgasdgsadgasdgsadgsadgsadgasdgsadgasdgasdgsdgsdagasdgsdgasdgasdgassdgasdgasdgasdgasdgasdgasdgsadgasdgsadgsadgsadgasdgsadgasdgasdgsdgsdagasdgsdgasdgasdgassdgasdgasdgasdgasdgasdgasdgsadgasdgsadgsadgsadgasdgsadgasdgasdgsdgsdagasdgsdgasdgasdgassdgasdgasdgasdgasdgasdgasdgsadgasdgsadgsadgsadgasdgsadgasdgasdgsdgsdagasdgsdgasdgasdgassdgasdgasdgasdgasdgasdgasdgsadgasdgsadgsadgsadgasdgsadgasdgasdgsdgsdagasdgsdgasdgasdgassdgasdgasdgasdgasdgasdgasdgsadgasdgsadgsadgsadgasdgsadgasdgasdgsdgsdagasdgsdgasdgasdgassdgasdgasdgasdgasdgasdgasdgsadgasdgsadgsadgsadgasdgsadgasdgasdgsdgsdagasdgsdgasdgasdgassdgasdgasdgasdgasdgasdgasdgsadgasdgsadgsadgsadgasdgsadgasdgasdgsdgsdagasdgsdgasdgasdgassdgasdgasdgasdgasdgasdgasdgsadgasdgsadgsadgsadgasdgsadgasdgasdgsdgsdagasdgsdgasdgasdgassdgasdgasdgasdgasdgasdgasdgsadgasdgsadgsadgsadgasdgsadgasdgasdgsdgsdagasdgsdgasdgasdgassdgasdgasdgasdgasdgasdgasdgsadgasdgsadgsadgsadgasdgsadgasdgasdgsdgsdagasdgsdgasdgasdgassdgasdgasdgasdgasdgasdgasdgsadgasdgsadgsadgsadgasdgsadgasdgasdgsdgsdagasdgsdgasdgasdgassdgasdgasdgasdgasdgasdgasdgsadgasdgsadgsadgsadgasdgsadgasdgasdgsdgsdagasdgsdgasdgasdgassdgasdgasdgasdgasdgasdgasdgsadgasdgsadgsadgsadgasdgsadgasdgasdgsdgsdagasdgsdgasdgasdgassdgasdgasdgasdgasdgasdgasdgsadgasdgsadgsadgsadgasdgsadgasdgasdgsdgsdagasdgsdgasdgasdgassdgasdgasdgasdgasdgasdgasdgsadgasdgsadgsadgsadgasdgsadgasdgasdgsdgsdagasdgsdgasdgasdgassdgasdgasdgasdgasdgasdgasdgsadgasdgsadgsadgsadgasdgsadgasdgasdgsdgsdagasdgsdgasdgasdgassdgasdgasdgasdgasdgasdgasdgsadgasdgsadgsadgsadgasdgsadgasdgasdgsdgsdagasdgsdgasdgasdgassdgasdgasdgasdgasdgasdgasdgsadgasdgsadgsadgsadgasdgsadgasdgasdgsdgsdagasdgsdgasdgasdgassdgasdgasdgasdgasdgasdgasdgsadgasdgsadgsadgsadgasdgsadgasdgasdgsdgsdagasdgsdgasdgasdgassdgasdgasdgasdgasdgasdgasdgsadgasdgsadgsadgsadgasdgsadgasdgasdgsdgsdagasdgsdgasdgasdgassdgasdgasdgasdgasdgasdgasdgsadgasdgsadgsadgsadgasdgsadgasdgasdgsdgsdagasdgsdgasdgasdgassdgasdgasdgasdgasdgasdgasdgsadgasdgsadgsadgsadgasdgsadgasdgasdgsdgsdagasdgsdgasdgasdgassdgasdgasdgasdgasdgasdgasdgsadgasdgsadgsadgsadgasdgsadgasdgasdgsdgsdagasdgsdgasdgasdgassdgasdgasdgasdgasdgasdgasdgsadgasdgsadgsadgsadgasdgsadgasdgasdgsdgsdagasdgsdgasdgasdgassdgasdgasdgasdgasdgasdgasdgsadgasdgsadgsadgsadgasdgsadgasdgasdgsdgsdagasdgsdgasdgasdgassdgasdgasdgasdgasdgasdgasdgsadgasdgsadgsadgsadgasdgsadgasdgasdgsdgsdagasdgsdgasdgasdgassdgasdgasdgasdgasdgasdgasdgsadgasdgsadgsadgsadgasdgsadgasdgasdgsdgsdagasdgsdgasdgasdgassdgasdgasdgasdgasdgasdgasdgsadgasdgsadgsadgsadgasdgsadgasdgasdgsdgsdagasdgsdgasdgasdgassdgasdgasdgasdgasdgasdgasdgsadgasdgsadgsadgsadgasdgsadgasdgasdgsdgsdagasdgsdgasdgasdgassdgasdgasdgasdgasdgasdgasdgsadgasdgsadgsadgsadgasdgsadgasdgasdgsdgsdagasdgsdgasdgasdgassdgasdgasdgasdgasdgasdgasdgsadgasdgsadgsadgsadgasdgsadgasdgasdgsdgsdagasdgsdgasdgasdgassdgasdgasdgasdgasdgasdgasdgsadgasdgsadgsadgsadgasdgsadgasdgasdgsdgsdagasdgsdgasdgasdgassdgasdgasdgasdgasdgasdgasdgsadgasdgsadgsadgsadgasdgsadgasdgasdgsdgsdagasdgsdgasdgasdgassdgasdgasdgasdgasdgasdgasdgsadgasdgsadgsadgsadgasdgsadgasdgasdgsdgsdagasdgsdgasdgasdgassdgasdgasdgasdgasdgasdgasdgsadgasdgsadgsadgsadgasdgsadgasdgasdgsdgsdagasdgsdgasdgasdgassdgasdgasdgasdgasdgasdgasdgsadgasdgsadgsadgsadgasdgsadgasdgasdgsdgsdagasdgsdgasdgasdgassdgasdgasdgasdgasdgasdgasdgsadgasdgsadgsadgsadgasdgsadgasdgasdgsdgsdagasdgsdgasdgasdgassdgasdgasdgasdgasdgasdgasdgsadgasdgsadgsadgsadgasdgsadgasdgasdgsdgsdagasdgsdgasdgasdgassdgasdgasdgasdgasdgasdgasdgsadgasdgsadgsadgsadgasdgsadgasdgasdgsdgsdagasdgsdgasdgasdgassdgasdgasdgasdgasdgasdgasdgsadgasdgsadgsadgsadgasdgsadgasdgasdgsdgsdagasdgsdgasdgasdgassdgasdgasdgasdgasdgasdgasdgsadgasdgsadgsadgsadgasdgsadgasdgasdgsdgsdagasdgsdgasdgasdgassdgasdgasdgasdgasdgasdgasdgsadgasdgsadgsadgsadgasdgsadgasdgasdgsdgsdagasdgsdgasdgasdgassdgasdgasdgasdgasdgasdgasdgsadgasdgsadgsadgsadgasdgsadgasdgasdgsdgsdagasdgsdgasdgasdgassdgasdgasdgasdgasdgasdgasdgsadgasdgsadgsadgsadgasdgsadgasdgasdgsdgsdagasdgsdgasdgasdgassdgasdgasdgasdgasdgasdgasdgsadgasdgsadgsadgsadgasdgsadgasdgasdgsdgsdagasdgsdgasdgasdgassdgasdgasdgasdgasdgasdgasdgsadgasdgsadgsadgsadgasdgsadgasdgasdgsdgsdagasdgsdgasdgasdgassdgasdgasdgasdgasdgasdgasdgsadgasdgsadgsadgsadgasdgsadgasdgasdgsdgsdagasdgsdgasdgasdgassdgasdgasdgasdgasdgasdgasdgsadgasdgsadgsadgsadgasdgsadgasdgasdgsdgsdagasdgsdgasdgasdgassdgasdgasdgasdgasdgasdgasdgsadgasdgsadgsadgsadgasdgsadgasdgasdgsdgsdagasdgsdgasdgasdgassdgasdgasdgasdgasdgasdgasdgsadgasdgsadgsadgsadgasdgsadgasdgasdgsdgsdagasdgsdgasdgasdgassdgasdgasdgasdgasdgasdgasdgsadgasdgsadgsadgsadgasdgsadgasdgasdgsdgsdagasdgsdgasdgasdgassdgasdgasdgasdgasdgasdgasdgsadgasdgsadgsadgsadgasdgsadgasdgasdgsdgsdagasdgsdgasdgasdgassdgasdgasdgasdgasdgasdgasdgsadgasdgsadgsadgsadgasdgsadgasdgasdgsdgsdagasdgsdgasdgasdgassdgasdgasdgasdgasdgasdgasdgsadgasdgsadgsadgsadgasdgsadgasdgasdgsdgsdagasdgsdgasdgasdgassdgasdgasdgasdgasdgasdgasdgsadgasdgsadgsadgsadgasdgsadgasdgasdgsdgsdagasdgsdgasdgasdgassdgasdgasdgasdgasdgasdgasdgsadgasdgsadgsadgsadgasdgsadgasdgasdgsdgsdagasdgsdgasdgasdgassdgasdgasdgasdgasdgasdgasdgsadgasdgsadgsadgsadgasdgsadgasdgasdgsdgsdagasdgsdgasdgasdgassdgasdgasdgasdgasdgasdgasdgsadgasdgsadgsadgsadgasdgsadgasdgasdgsdgsdagasdgsdgasdgasdgassdgasdgasdgasdgasdgasdgasdgsadgasdgsadgsadgsadgasdgsadgasdgasdgsdgsdagasdgsdgasdgasdgassdgasdgasdgasdgasdgasdgasdgsadgasdgsadgsadgsadgasdgsadgasdgasdgsdgsdagasdgsdgasdgasdgassdgasdgasdgasdgasdgasdgasdgsadgasdgsadgsadgsadgasdgsadgasdgasdgsdgsdagasdgsdgasdgasdgassdgasdgasdgasdgasdgasdgasdgsadgasdgsadgsadgsadgasdgsadgasdgasdgsdgsdagasdgsdgasdgasdgassdgasdgasdgasdgasdgasdgasdgsadgasdgsadgsadgsadgasdgsadgasdgasdgsdgsdagasdgsdgasdgasdgassdgasdgasdgasdgasdgasdgasdgsadgasdgsadgsadgsadgasdgsadgasdgasdgsdgsdagasdgsdgasdgasdgassdgasdgasdgasdgasdgasdgasdgsadgasdgsadgsadgsadgasdgsadgasdgasdgsdgsdagasdgsdgasdgasdgassdgasdgasdgasdgasdgasdgasdgsadgasdgsadgsadgsadgasdgsadgasdgasdgsdgsdagasdgsdgasdgasdgassdgasdgasdgasdgasdgasdgasdgsadgasdgsadgsadgsadgasdgsadgasdgasdgsdgsdagasdgsdgasdgasdgassdgasdgasdgasdgasdgasdgasdgsadgasdgsadgsadgsadgasdgsadgasdgasdgsdgsdagasdgsdgasdgasdgassdgasdgasdgasdgasdgasdgasdgsadgasdgsadgsadgsadgasdgsadgasdgasdgsdgsdagasdgsdgasdgasdgassdgasdgasdgasdgasdgasdgasdgsadgasdgsadgsadgsadgasdgsadgasdgasdgsdgsdagasdgsdgasdgasdgassdgasdgasdgasdgasdgasdgasdgsadgasdgsadgsadgsadgasdgsadgasdgasdgsdgsdagasdgsdgasdgasdgassdgasdgasdgasdgasdgasdgasdgsadgasdgsadgsadgsadgasdgsadgasdgasdgsdgsdagasdgsdgasdgasdgassdgasdgasdgasdgasdgasdgasdgsadgasdgsadgsadgsadgasdgsadgasdgasdgsdgsdagasdgsdgasdgasdgassdgasdgasdgasdgasdgasdgasdgsadgasdgsadgsadgsadgasdgsadgasdgasdgsdgsdagasdgsdgasdgasdgassdgasdgasdgasdgasdgasdgasdgsadgasdgsadgsadgsadgasdgsadgasdgasdgsdgsdagasdgsdgasdgasdgassdgasdgasdgasdgasdgasdgasdgsadgasdgsadgsadgsadgasdgsadgasdgasdgsdgsdagasdgsdgasdgasdgassdgasdgasdgasdgasdgasdgasdgsadgasdgsadgsadgsadgasdgsadgasdgasdgsdgsdagasdgsdgasdgasdgassdgasdgasdgasdgasdgasdgasdgsadgasdgsadgsadgsadgasdgsadgasdgasdgsdgsdagasdgsdgasdgasdgassdgasdgasdgasdgasdgasdgasdgsadgasdgsadgsadgsadgasdgsadgasdgasdgsdgsdagasdgsdgasdgasdgassdgasdgasdgasdgasdgasdgasdgsadgasdgsadgsadgsadgasdgsadgasdgasdgsdgsdagasdgsdgasdgasdgassdgasdgasdgasdgasdgasdgasdgsadgasdgsadgsadgsadgasdgsadgasdgasdgsdgsdagasdgsdgasdgasdgassdgasdgasdgasdgasdgasdgasdgsadgasdgsadgsadgsadgasdgsadgasdgasdgsdgsdagasdgsdgasdgasdgassdgasdgasdgasdgasdgasdgasdgsadgasdgsadgsadgsadgasdgsadgasdgasdgsdgsdagasdgsdgasdgasdgassdgasdgasdgasdgasdgasdgasdgsadgasdgsadgsadgsadgasdgsadgasdgasdgsdgsdagasdgsdgasdgasdgassdgasdgasdgasdgasdgasdgasdgsadgasdgsadgsadgsadgasdgsadgasdgasdgsdgsdagasdgsdgasdgasdgassdgasdgasdgasdgasdgasdgasdgsadgasdgsadgsadgsadgasdgsadgasdgasdgsdgsdagasdgsdgasdgasdgassdgasdgasdgasdgasdgasdgasdgsadgasdgsadgsadgsadgasdgsadgasdgasdgsdgsdagasdgsdgasdgasdgassdgasdgasdgasdgasdgasdgasdgsadgasdgsadgsadgsadgasdgsadgasdgasdgsdgsdagasdgsdgasdgasdgassdgasdgasdgasdgasdgasdgasdgsadgasdgsadgsadgsadgasdgsadgasdgasdgsdgsdagasdgsdgasdgasdgassdgasdgasdgasdgasdgasdgasdgsadgasdgsadgsadgsadgasdgsadgasdgasdgsdgsdagasdgsdgasdgasdgassdgasdgasdgasdgasdgasdgasdgsadgasdgsadgsadgsadgasdgsadgasdgasdgsdgsdagasdgsdgasdgasdgassdgasdgasdgasdgasdgasdgasdgsadgasdgsadgsadgsadgasdgsadgasdgasdgsdgsdagasdgsdgasdgasdgassdgasdgasdgasdgasdgasdgasdgsadgasdgsadgsadgsadgasdgsadgasdgasdgsdgsdagasdgsdgasdgasdgas'),(164,'엘지트윈스는?','2024-08-14 14:29:30','2024-08-17 14:29:30',5,5,'2024년 KBO 코시우승의 주인공(이 될 예정), LG트윈스.'),(165,'면접 복장 자유..','2024-08-14 15:10:00','2024-08-15 19:33:00',1,6,'면접 복장 자유라는데 이게 맞나?면접 복장 자유라는데 이게 맞나?면접 복장 자유라는데 이게 맞나?면접 복장 자유라는데 이게 맞나?면접 복장 자유라는데 이게 맞나?면접 복장 자유라는데 이게 맞나?면접 복장 자유라는데 이게 맞나?면접 복장 자유라는데 이게 맞나?면접 복장 자유라는데 이게 맞나?면접 복장 자유라는데 이게 맞나?면접 복장 자유라는데 이게 맞나?면접 복장 자유라는데 이게 맞나?면접 복장 자유라는데 이게 맞나?면접 복장 자유라는데 이게 맞나?면접 복장 자유라는데 이게 맞나?면접 복장 자유라는데 이게 맞나?면접 복장 자유라는데 이게 맞나?면접 복장 자유라는데 이게 맞나?면접 복장 자유라는데 이게 맞나?면접 복장 자유라는데 이게 맞나?면접 복장 자유라는데 이게 맞나?면접 복장 자유라는데 이게 맞나?면접 복장 자유라는데 이게 맞나?면접 복장 자유라는데 이게 맞나?면접 복장 자유라는데 이게 맞나?면접 복장 자유라는데 이게 맞나?면접 복장 자유라는데 이게 맞나?면접 복장 자유라는데 이게 맞나?면접 복장 자유라는데 이게 맞나?면접 복장 자유라는데 이게 맞나?면접 복장 자유라는데 이게 맞나?면접 복장 자유라는데 이게 맞나?면접 복장 자유라는데 이게 맞나?면접 복장 자유라는데 이게 맞나?면접 복장 자유라는데 이게 맞나?면접 복장 자유라는데 이게 맞나?면접 복장 자유라는데 이게 맞나?면접 복장 자유라는데 이게 맞나?면접 복장 자유라는데 이게 맞나?면접 복장 자유라는데 이게 맞나?면접 복장 자유라는데 이게 맞나?면접 복장 자유라는데 이게 맞나?면접 복장 자유라는데 이게 맞나?면접 복장 자유라는데 이게 맞나?면접 복장 자유라는데 이게 맞나?면접 복장 자유라는데 이게 맞나?면접 복장 자유라는데 이게 맞나?면접 복장 자유라는데 이게 맞나?면접 복장 자유라는데 이게 맞나?면접 복장 자유라는데 이게 맞나?면접 복장 자유라는데 이게 맞나?면접 복장 자유라는데 이게 맞나?면접 복장 자유라는데 이게 맞나?면접 복장 자유라는데 이게 맞나?면접 복장 자유라는데 이게 맞나?면접 복장 자유라는데 이게 맞나?면접 복장 자유라는데 이게 맞나?면접 복장 자유라는데 이게 맞나?면접 복장 자유라는데 이게 맞나?면접 복장 자유라는데 이게 맞나?면접 복장 자유라는데 이게 맞나?면접 복장 자유라는데 이게 맞나?면접 복장 자유라는데 이게 맞나?면접 복장 자유라는데 이게 맞나?면접 복장 자유라는데 이게 맞나?면접 복장 자유라는데 이게 맞나?면접 복장 자유라는데 이게 맞나?면접 복장 자유라는데 이게 맞나?면접 복장 자유라는데 이게 맞나?면접 복장 자유라는데 이게 맞나?면접 복장 자유라는데 이게 맞나?면접 복장 자유라는데 이게 맞나?면접 복장 자유라는데 이게 맞나?면접 복장 자유라는데 이게 맞나?면접 복장 자유라는데 이게 맞나?'),(166,'싸피 면접 스터디 필요한가?','2024-08-14 15:03:00','2024-08-14 15:23:00',6,8,'필요없지 않나?'),(167,'최강야구는?','2024-08-11 14:42:36','2024-08-14 14:42:36',3,6,'솔직히 나는 별로...'),(168,'오빠는 늘 이런식이야','2024-08-14 15:03:00','2024-08-14 15:13:00',0,8,'흠 이런 문제 힘들죠?'),(169,'발로란트 챔피언스 우승 ','2024-08-10 14:44:47','2024-08-13 14:44:47',4,6,'Esports also === sport but game.. . .'),(170,'솔직히 우리나라 올림픽 순위','2024-08-09 14:46:01','2024-08-12 14:46:01',5,6,'한국인이라면 대한민국 응원해라'),(171,'사실 아샷추는 맛있어','2024-08-14 15:15:00','2024-08-14 15:25:00',2,6,'다들 왜이렇게 싫어하는척을 할까?'),(172,'삼성의~ 이재현~','2024-08-30 15:09:00','2024-08-30 15:19:00',2,2,'ㅁㄴㅇㄻㄴㅇㄻㄴㅇㄹㄴㅇ'),(173,'솔직히 쿠로미보단 한교동이','2024-08-24 19:54:00','2024-08-24 20:04:00',0,2,'더 귀여운 것 같아요'),(174,'경맨3들와라 ㅋ','2024-08-14 16:46:00','2024-08-14 16:58:00',4,8,';;;;;으휴으휴으휴'),(175,'김치찌개에는','2024-08-14 16:44:18','2024-08-17 16:44:18',2,5,'저는 7분김치찌개를 참 좋아했어여'),(176,'점메추','2024-08-15 15:48:00','2024-08-15 15:56:00',1,8,'먹태추'),(177,'커피커피는?','2024-08-20 16:16:00','2024-08-21 16:26:00',2,3,'sout(라떼.equals(\"horse\")\n//true'),(178,'고양이상과 강아지상','2024-08-15 17:27:04','2024-08-18 17:27:04',0,5,'저는 참고로 확신의 고양이상 러버지만 동물은 강아지를 더 좋아합니다.'),(179,'이상형테스트 - 성격편1','2024-08-15 17:28:27','2024-08-18 17:28:27',0,5,'님들의 선택은?!?!'),(180,'남자친구가 제 친구 깻잎을;;','2024-08-15 17:30:38','2024-08-18 17:30:38',0,5,'아니 님들아 이게 맞는건가요?\n저랑 친구랑 남자친구랑 셋이서 밥을 먹으러 갔는데\n글쎄 제가 눈앞에 있는데 친구 깻잎을 본인 젓가락으로 떼주더라고요???\n이게 맞는건가요? 왜 둘이 사귀지?'),(181,'님들아 이번 발로챔스 우승','2024-08-15 17:34:27','2024-08-18 17:34:27',4,5,'누가 할거같냐면 제발 SENWIN'),(182,'오늘 점심 A? B?','2024-08-15 17:45:00','2024-08-18 17:45:00',2,5,'오늘 점심 당신의 선택은..?? A?! B?!'),(183,'협곡에서의 미드 킹은?','2024-08-15 18:33:00','2024-08-15 18:43:00',5,8,'나는 그를 숭배해야만 해!'),(184,'떡볶이','2024-08-15 18:50:06','2024-08-18 18:50:06',2,5,'떡볶이가 세상을 구한다'),(185,'10억+얼굴 랜덤 돌리기 ㄱ?','2024-08-15 18:51:42','2024-08-18 18:51:42',6,5,'랜덤은 어떤 얼굴이 걸릴지 모름,,'),(186,'꼭 하나를 먹어야 한다면?','2024-08-15 18:57:46','2024-08-18 18:57:46',2,5,'ㅋㅋㅋ진짜 둘 다 싫다'),(187,'돈을 받는다면?','2024-08-15 18:59:04','2024-08-18 18:59:04',1,5,'일단 나는 지금 당장 1억이 필요해'),(188,'최악의 이별은?','2024-08-15 19:00:29','2024-08-18 19:00:29',0,5,'아무리 이별이라해도 매너 좀 지킵시다;'),(189,'실패 했을때 듣고 싶은 말은?','2024-08-15 19:01:37','2024-08-18 19:01:37',1,5,'이건 MBTI 따라 갈릴 것 같음 ㅋㅋ'),(190,'I들만 투표 해보세요','2024-08-15 19:02:58','2024-08-18 19:02:58',6,5,'상상하기도 싫겠지만 둘 중 하나 고른다면? ㅋㅋㅋㅋㅋㅋㅋ'),(191,'취준생들아','2024-08-15 19:04:52','2024-08-18 19:04:52',6,5,'난 무조건 월 200 받는 백수 할래 얼른 200만원 낸하 '),(192,'같이 일하고 싶은 사람은?','2024-08-15 19:06:20','2024-08-18 19:06:20',1,5,'아무래도 성과가 있으려면 일 잘하는게 나으려나,, 싶다가도 분위기 싸하면 일하기 힘들 것 같음'),(193,'선물한 물건 당근에 판 애인','2024-08-15 19:12:04','2024-08-18 19:12:04',0,5,'다음에는 필요한거 물어보고 사주면 된다 vs 아무리 필요 없어도 내가 사준건데 어떻게 당근에 팔지?'),(194,'연애하기 더 싫은 스타일은?','2024-08-15 19:13:43','2024-08-18 19:13:43',0,5,'결과 궁금하네 ㄷㄷ'),(195,'다시 태어난다면?','2024-09-27 19:35:00','2024-09-27 19:45:00',3,2,'박명수 vs 유재석'),(196,'애인이 내 친구 새우를','2024-10-03 19:35:00','2024-10-03 19:45:00',0,2,'손이 없니 발이 없니 절대 안돼'),(197,'약속시간 매번 안 지키는 친구','2024-08-27 20:00:00','2024-08-27 20:10:00',1,2,'시간 약속은 기본중에 기본이라 생각하는데 매번 안 지키는게 말이 되나?'),(198,'출퇴근시에 뭐가 나음?','2024-09-18 20:25:00','2024-09-18 20:35:00',1,2,'30분 참느냐 여유롭게 1시간 반 사용하느냐,, 고민,,'),(199,'제일 좋아하는 ott는?','2024-09-23 21:20:00','2024-09-23 21:30:00',1,3,'넷플릭스, 유투브, 티빙, 웨이브 등등... 아무래도 원조는 넷플릭스 아닌가 ㅋ'),(200,'제일 귀여운 강아지는?','2024-10-16 21:24:00','2024-10-16 21:34:00',6,3,'웰시코기가 세상을 구한다'),(201,'나솔 20기 정숙 영호','2024-08-15 21:32:42','2024-08-18 21:32:42',3,5,'개인적으로 가장 재미있게 본 기수'),(202,'축구 GOAT는 누구인가...','2024-08-15 21:34:42','2024-08-18 21:34:42',5,5,'메호 시대의 산 전사들아.. 모두 모여라...\nGOAT는 메시인가! 호날두인가!'),(203,'렌고쿠 vs 마이키','2024-08-15 21:35:41','2024-08-18 21:35:41',3,5,'그게뭔데씹덕아?라고 말하시는 당신, you also 씹덕.'),(204,'현찰스는 손석구를 닮았을까?','2024-08-15 21:36:25','2024-08-18 21:36:25',3,5,'5반의 손석구. 싸피으 손석구.'),(205,'소주 광고를 한다면?','2024-08-15 21:37:10','2024-08-18 21:37:10',3,5,'누가 더 어울릴까요?'),(206,'에스파에서 비쥬얼 멤버는?','2024-08-15 21:38:29','2024-08-18 21:38:29',3,5,'저는 닝닝파긴해요'),(207,'내가 좋아하는 탑스타가','2024-08-15 21:39:33','2024-08-18 21:39:33',3,5,'라는 현찰스님의 의견입니다.'),(208,'축구계 GOAT','2024-08-15 21:40:28','2024-08-18 21:40:28',5,5,'축알못이애오'),(209,'최고의 예능은?','2024-08-15 21:41:15','2024-08-18 21:41:15',3,5,'아무래도 레전드는 무한도전이지~'),(210,'초딩때 가장 인기 있었던 게임','2024-08-15 21:44:03','2024-08-18 21:44:03',4,5,'이걸 어떻게 고름 ㄷㄷ'),(211,'박지성 vs 손흥민','2024-08-15 21:54:00','2024-08-30 22:04:00',5,4,'두 개의 심장! 지송빠레~~ 박지성이냐! 캡틴SON! SONNY~~ 손흥민이냐!'),(212,'로또에 당첨된다면?','2024-10-23 22:02:00','2024-10-23 22:12:00',6,3,'다음주 로또 1등은 나다'),(213,'싸내연애.. 해도될까요? 두번째 이야기','2024-08-15 22:10:00','2024-08-30 22:12:00',0,4,'싸내에서 계속 시선이 가는 분이 생겼어요... 어떻게 해야될까요..??\n투표해주세요!!'),(214,'대중교통 하나만 탈 수 있다면','2024-10-10 22:10:00','2024-10-10 22:20:00',1,3,'지하철이냐 버스냐 그것이 문제로다,,,'),(215,'아이폰 vs 갤럭시','2024-09-13 22:11:00','2024-09-13 22:21:00',1,3,'아이폰 감성 카메라 vs 갤럭시 편리함'),(216,'올해 우승은 아무래도 기아지?','2025-01-30 13:44:00','2025-01-30 13:54:00',5,0,'진짜?'),(217,'짜장면 친구는','2025-11-15 22:40:00','2025-11-15 22:50:00',2,0,'짜증날땐 짜장면'),(218,'면접 복장은 정장이 최고인가?','2024-10-24 22:40:00','2024-10-24 22:50:00',1,3,'무조건 정장 인가 깔끔하기만 하면 되는건가?'),(219,'내장음식 최강자','2025-06-15 22:41:00','2025-06-15 22:51:00',2,0,'제발'),(220,'더 되고 싶은거는?','2024-10-21 22:50:00','2024-10-21 23:00:00',6,3,'로또 ? 100만 유투버?'),(221,'싸피 특화 프로젝트 주제','2024-08-15 22:59:28','2024-08-18 22:59:28',6,5,'핀테크 선호도 조사용'),(222,'붕어빵은 근-본은?','2024-08-16 16:00:00','2024-08-16 16:10:00',2,3,'팥붕이냐 슈붕이냐 ');
/*!40000 ALTER TABLE `vote_info` ENABLE KEYS */;
UNLOCK TABLES;

--
-- Table structure for table `vote_opinion`
--

DROP TABLE IF EXISTS `vote_opinion`;
/*!40101 SET @saved_cs_client     = @@character_set_client */;
/*!50503 SET character_set_client = utf8mb4 */;
CREATE TABLE `vote_opinion` (
  `vote_opinion_index` int NOT NULL,
  `vote_info_id` bigint NOT NULL,
  `user_id` bigint DEFAULT NULL,
  `opinion` varchar(255) NOT NULL,
  `pre_count` int DEFAULT '0',
  `final_count` int DEFAULT '0',
  PRIMARY KEY (`vote_opinion_index`,`vote_info_id`),
  KEY `vote_info_id` (`vote_info_id`),
  CONSTRAINT `vote_opinion_ibfk_1` FOREIGN KEY (`vote_info_id`) REFERENCES `vote_info` (`id`)
) ENGINE=InnoDB DEFAULT CHARSET=utf8mb4 COLLATE=utf8mb4_0900_ai_ci;
/*!40101 SET character_set_client = @saved_cs_client */;

--
-- Dumping data for table `vote_opinion`
--

LOCK TABLES `vote_opinion` WRITE;
/*!40000 ALTER TABLE `vote_opinion` DISABLE KEYS */;
INSERT INTO `vote_opinion` VALUES (0,8,4,'발로란트 T1',NULL,4),(0,9,9,'선택지 A',NULL,4),(0,10,9,'맛있다',NULL,3),(0,11,9,'신이다',NULL,5),(0,12,9,'마라탕탕~',4,NULL),(0,13,17,'3m',1,0),(0,15,9,'엽떡',NULL,10),(0,16,9,'4가지치즈불닭',NULL,NULL),(0,17,9,'치즈불닭',NULL,8),(0,18,20,'간자장면&야끼만두',6,1),(0,19,12,'주 4일제 5시퇴근',NULL,9),(0,20,12,'주 7일 야근 연봉 5억',NULL,10),(0,21,12,'부먹',NULL,7),(0,22,12,'주 7일 야근 연봉 5억',3,0),(0,23,22,'민초는 치약이지',10,0),(0,24,27,'마라탕',8,0),(0,25,10,'짜장면',NULL,7),(0,26,17,'따뜻한 냉면',NULL,NULL),(0,27,32,'따뜻한 냉면',NULL,NULL),(0,28,32,'따뜻한 냉면',NULL,6),(0,29,30,'15층 창문',NULL,15),(0,30,22,'케빈',NULL,NULL),(0,31,20,'dd',NULL,NULL),(0,32,26,'3번하기',NULL,NULL),(0,33,26,'화요일',NULL,NULL),(0,34,14,'롤',NULL,8),(0,36,12,'맥주',NULL,1),(0,37,27,'아이스커피',NULL,NULL),(0,38,27,'장원영',NULL,14),(0,39,22,'갤럭시지~!!',2,13),(0,41,20,'바다',3,0),(0,42,12,'강아지',3,0),(0,43,14,'해외여행',1,0),(0,44,16,'치킨',0,0),(0,45,18,'콘서트',4,0),(0,46,20,'축구',1,0),(0,47,22,'롤',5,0),(0,48,24,'봄',0,0),(0,49,26,'해변에서 놀기',0,0),(0,50,28,'아침형 인간',0,0),(0,51,30,'팝콘',0,0),(0,52,12,'휴대전화',0,0),(0,53,14,'투명인간',0,0),(0,54,16,'과거',0,0),(0,56,20,'게임 캐릭터로 현실에서 살기',2,0),(0,57,22,'초밥',0,0),(0,58,24,'여름',0,0),(0,59,26,'친근하게 다가간다',0,0),(0,61,30,'음악 없는 세상',0,0),(0,62,15,'피자',2,3),(0,63,18,'투명인간',0,0),(0,64,14,'독서',4,0),(0,65,20,'바닷가',0,0),(0,66,23,'롤(리그 오브 레전드)',0,0),(0,67,16,'아이스크림',1,0),(0,68,17,'BTS',1,0),(0,69,13,'무한도전',5,0),(0,70,19,'순간이동',0,0),(0,71,12,'엘지트윈스⚾',1,NULL),(0,72,12,'Python',0,0),(0,73,14,'코드 품질',0,0),(0,74,17,'Windows',0,0),(0,75,19,'온라인 강의',0,0),(0,76,18,'Git',0,0),(0,77,23,'웹 개발',0,0),(0,78,13,'주석 달기',0,0),(0,79,25,'객체 지향 프로그래밍',0,0),(0,80,26,'문제 해결 능력',0,0),(0,81,30,'일정 준수',0,0),(0,82,15,'고급 레스토랑',3,0),(0,83,14,'직접 말로 표현하기',0,0),(0,84,16,'귀여움',0,0),(0,85,17,'첫사랑',1,0),(0,86,18,'가수',2,0),(0,87,13,'노트북',0,0),(0,88,20,'블랙핑크 제니',2,0),(0,89,21,'오랜 연애',0,0),(0,90,19,'발로란트',5,0),(0,91,12,'레트로 게임',0,0),(0,92,34,'프론트',NULL,9),(0,93,19,'춤추기',5,NULL),(0,94,24,'바닐라맛',NULL,NULL),(0,95,24,'기본보다 조금 맵게',NULL,NULL),(0,96,10,'하이~',NULL,NULL),(0,97,4,'zxcv',NULL,NULL),(0,98,4,'zxcv',NULL,NULL),(0,99,4,'1131',NULL,NULL),(0,100,10,'흐음',NULL,NULL),(0,101,10,'ㅎㅎ',NULL,NULL),(0,102,10,'ㅇㄹㅇㄹ',NULL,NULL),(0,103,19,'쿠쿠하세요쿠쿠',NULL,NULL),(0,104,35,'진짜 그만',NULL,NULL),(0,105,35,'새우볶음밥',NULL,NULL),(0,106,35,'마라탕',NULL,NULL),(0,107,19,'치즈불닭',NULL,NULL),(0,108,36,'천사',NULL,NULL),(0,109,20,'투수까지 전성기 이승엽 10명',NULL,NULL),(0,110,19,'춥다',NULL,NULL),(0,111,35,'ㅇㅇㅇㅇ',NULL,NULL),(0,112,35,'헤어지자',NULL,NULL),(0,113,35,'발로란트',NULL,NULL),(0,114,35,'싸피',NULL,NULL),(0,115,24,'3개',NULL,NULL),(0,116,24,'2개',NULL,NULL),(0,117,24,'4개',NULL,NULL),(0,118,24,'꺼내줘요',NULL,NULL),(0,119,24,'아아아ㅏㅏ',NULL,NULL),(0,120,20,'wfwefwfwfwefwfwe',NULL,NULL),(0,121,28,'9번',NULL,NULL),(0,122,20,'geege',NULL,NULL),(0,123,20,'rgrg',NULL,NULL),(0,124,20,'234234',NULL,NULL),(0,125,20,'ㄴㄴㅇ',NULL,NULL),(0,126,28,'rr',NULL,NULL),(0,127,27,'tewst',NULL,NULL),(0,128,27,'ttttttt',NULL,NULL),(0,129,10,'테스트가 성공할까?',NULL,NULL),(0,130,10,'테스트가 성공할까?',NULL,NULL),(0,131,31,'ㅁㄴㄻㅇㄴㄻㄴㄹ',NULL,NULL),(0,132,31,'피자에',NULL,NULL),(0,133,10,'버린다',NULL,NULL),(0,134,10,'밀크',NULL,NULL),(0,135,20,'JAVA',NULL,NULL),(0,136,17,'미적',NULL,NULL),(0,137,10,'커피',NULL,NULL),(0,138,15,'앞다리살',NULL,NULL),(0,139,10,'먹는다',NULL,NULL),(0,140,20,'가위',NULL,NULL),(0,141,38,'100달러',NULL,1),(0,142,10,'장원영',NULL,NULL),(0,143,41,'꾸는거다',2,NULL),(0,144,38,'최대한 미룬다',4,NULL),(0,145,20,'짜파구리',NULL,NULL),(0,146,41,'큰돈이다',NULL,NULL),(0,147,10,'꿈을 펼쳐 수연아',NULL,NULL),(0,148,38,'초코맛치약',3,0),(0,149,10,'국민체조',5,6),(0,151,5,'발로란트 갓겜 최고',4,NULL),(0,152,38,'고백공격 해버려',2,NULL),(0,153,41,'무적엘지',5,NULL),(0,154,38,'간식이죠',NULL,NULL),(0,155,35,'X',NULL,0),(0,156,35,'ㅇㄻㄴㄹㅇ',NULL,NULL),(0,157,24,'ㅇㄻㅇㄹ',NULL,NULL),(0,158,12,'새우깡',NULL,NULL),(0,159,24,'ㅁㅇㄹㄴㄻ',NULL,NULL),(0,160,10,'취업이 우선이다',NULL,NULL),(0,161,10,'대기업 꼭 가고 싶음!',NULL,NULL),(0,162,10,'침대 밑에 귀신',NULL,NULL),(0,163,14,'sdgasdgasdgasdga',NULL,NULL),(0,164,38,'우승한다',NULL,NULL),(0,165,49,'풀정장 입어야함',3,1),(0,166,52,'필요 없음',3,3),(0,167,38,'예능이다',NULL,NULL),(0,168,55,'내 잘못이다',1,3),(0,169,38,'무조건 Sentinels',NULL,NULL),(0,170,38,'Goat 아님?',NULL,NULL),(0,171,52,'맛있어~',NULL,2),(0,172,17,'빼배뺴뺴뺴뺌',NULL,NULL),(0,173,20,'킹정합니다.',NULL,NULL),(0,174,67,'으휴저두바이초콜릿;;;',4,4),(0,175,71,'참치',NULL,NULL),(0,176,44,'먹태깡',4,6),(0,177,78,'아아메',5,NULL),(0,178,67,'고양이상🐱',NULL,NULL),(0,179,67,'항상 착하고 친절한',NULL,NULL),(0,180,67,'떼어줄수있다',NULL,NULL),(0,181,67,'센티넬',NULL,NULL),(0,182,17,'A!!!!',NULL,NULL),(0,183,80,'젠장 또 대상혁!',2,7),(0,184,10,'평생 떡볶이만 먹기',NULL,NULL),(0,185,10,'10억 + 얼굴 랜덤',NULL,NULL),(0,186,10,'토마토맛 토',NULL,NULL),(0,187,10,'지금 당장 1억',NULL,NULL),(0,188,10,'환승 이별',NULL,NULL),(0,189,10,'위로와 격려',NULL,NULL),(0,190,10,'혼자 애슐리 가기',NULL,NULL),(0,191,10,'월 200 받는 백수',NULL,NULL),(0,192,10,'일 잘하는데 성격 거지같음',NULL,NULL),(0,193,10,'이해 가능',NULL,NULL),(0,194,10,'하나하나 다 설명하는 잔소리꾼',NULL,NULL),(0,195,30,'박명수',NULL,NULL),(0,196,10,'까주는게 말이 되니',NULL,NULL),(0,197,20,'손절하는게 답이다',NULL,NULL),(0,198,10,'지옥철 30분',NULL,NULL),(0,199,10,'넷플릭스',3,NULL),(0,200,10,'웰시코기',4,NULL),(0,201,67,'쭉 사겨서 결혼까지',NULL,NULL),(0,202,4,'메시',NULL,NULL),(0,203,67,'렌고쿠',NULL,NULL),(0,204,67,'넹 싸피 손석구아님?',NULL,NULL),(0,205,67,'제니',NULL,NULL),(0,206,67,'카리나',NULL,NULL),(0,207,67,'나를 평생 모르기',NULL,NULL),(0,208,67,'날두형~~~',NULL,NULL),(0,209,28,'무한도전',NULL,NULL),(0,210,28,'크레이지아케이드',NULL,NULL),(0,211,68,'박지성',2,0),(0,212,84,'나 혼자 비밀로 하기',3,NULL),(0,213,68,'고백 공격 해버려..!',2,NULL),(0,214,81,'지하철',2,NULL),(0,215,28,'아이폰',3,NULL),(0,216,12,'당연하지',NULL,NULL),(0,217,12,'탕수육',NULL,NULL),(0,218,21,'면접의 정석은 정장',2,NULL),(0,219,12,'곱창',NULL,NULL),(0,220,22,'로또 당첨',3,NULL),(0,221,89,'핀테크',NULL,NULL),(0,222,90,'팥붕',2,NULL),(1,8,4,'롤 T1',NULL,1),(1,9,9,'선택지 B',NULL,2),(1,10,9,'너무맛있다',NULL,9),(1,11,9,'개존맛탱이당',NULL,4),(1,12,8,'후루후루~',3,0),(1,13,14,'1m',0,0),(1,15,9,'신전',NULL,2),(1,17,15,'야끼소바불닭',NULL,2),(1,18,21,'춘천닭갈비&비엔나소시지케첩볶음',1,0),(1,19,12,'주 7일 매일 18시간 근무',NULL,4),(1,20,12,'주 3일 4시간 연봉 3천',NULL,2),(1,21,12,'완전부먹',NULL,3),(1,22,17,'주 3일 4시간 연 1200',2,0),(1,23,26,'맛알못이네 ㅉㅉ',0,0),(1,24,28,'떡볶이',2,0),(1,25,10,'닭갈비',NULL,5),(1,27,14,'차가운 라면',NULL,NULL),(1,28,32,'차가운 라면',NULL,6),(1,29,30,'정문',NULL,2),(1,30,22,'케빈',NULL,NULL),(1,33,26,'수요일',NULL,NULL),(1,34,14,'옵치',NULL,3),(1,36,22,'콜라',NULL,1),(1,38,22,'카리나',NULL,2),(1,39,28,'아이폰!!',4,1),(1,41,21,'산',2,0),(1,42,13,'고양이',2,0),(1,43,15,'국내여행',4,0),(1,44,17,'피자',5,0),(1,45,19,'영화',1,0),(1,46,21,'농구',4,0),(1,47,23,'오버워치',0,0),(1,48,25,'가을',5,0),(1,49,27,'산에서 캠핑',5,0),(1,50,29,'저녁형 인간',5,0),(1,51,31,'나초',5,0),(1,52,13,'생존도구',5,0),(1,53,15,'순간이동',6,0),(1,54,17,'미래',0,0),(1,56,21,'가상현실 속 현실처럼 살기',3,0),(1,57,23,'피자',5,0),(1,58,25,'겨울',5,0),(1,59,27,'조심스럽게 접근한다',0,0),(1,61,31,'책 없는 세상',0,0),(1,62,22,'초밥',3,12),(1,63,29,'시간 정지',0,0),(1,64,27,'운동',1,0),(1,65,31,'산',0,0),(1,66,28,'배틀그라운드',0,0),(1,67,25,'케이크',4,0),(1,68,24,'아이유',4,0),(1,69,30,'1박2일',0,0),(1,70,21,'투명인간',0,0),(1,71,26,'두산베어스',4,NULL),(1,72,15,'JavaScript',0,0),(1,73,16,'빠른 개발 속도',0,0),(1,74,20,'Linux',0,0),(1,75,21,'책',0,0),(1,76,22,'SVN',0,0),(1,77,24,'데이터 사이언스',0,0),(1,78,27,'코드 리팩토링',0,0),(1,79,28,'함수형 프로그래밍',0,0),(1,80,29,'커뮤니케이션 능력',0,0),(1,81,31,'팀워크',0,0),(1,82,22,'영화관',2,0),(1,83,19,'편지 쓰기',5,0),(1,84,24,'섹시함',5,0),(1,85,25,'현재의 사랑',4,0),(1,86,28,'배우',3,0),(1,87,27,'라라랜드',5,0),(1,88,23,'방탄소년단 RM',3,0),(1,89,26,'짧고 강렬한 연애',5,0),(1,90,31,'리그 오브 레전드',0,0),(1,91,30,'최신 게임',0,0),(1,92,34,'백엔드',NULL,10),(1,93,24,'노래부르기',0,NULL),(1,94,19,'초코맛',NULL,NULL),(1,108,36,'엔젤',NULL,NULL),(1,111,24,'얏호`~!!',NULL,NULL),(1,112,24,'헤어졌다가 다시 만나자',NULL,NULL),(1,113,24,'오버워치',NULL,NULL),(1,114,24,'집',NULL,NULL),(1,118,35,'도망가요',NULL,NULL),(1,120,21,'참석합니다',NULL,NULL),(1,121,31,'tt',NULL,NULL),(1,124,12,'ㅁㄹㅇㅁㄹㄻㄴㅇㄹ',NULL,NULL),(1,125,20,'ㄴㅇㄹ',NULL,NULL),(1,126,20,'23ㄴㄹㄴㅇㄹㄴㅇㄹㄴㅇㄹㄴㅇㄹ',NULL,NULL),(1,127,31,'tttt',NULL,NULL),(1,128,31,'tttt',NULL,NULL),(1,132,19,'햄버거에',NULL,NULL),(1,133,20,'다른사람에게 전달한다',NULL,NULL),(1,134,20,'다크',NULL,NULL),(1,135,20,'Cpp',NULL,NULL),(1,136,14,'기하',NULL,NULL),(1,137,10,'몬스터',NULL,NULL),(1,139,20,'참다가 더많이 먹는다',NULL,NULL),(1,140,10,'기권한다(쫄?)',NULL,NULL),(1,141,41,'1비트코인',NULL,3),(1,142,20,'안유진말고 유진이',NULL,NULL),(1,143,38,'이루는거다',3,NULL),(1,144,41,'안미루려고 노력한다',1,NULL),(1,145,10,'불닭게티',NULL,NULL),(1,146,38,'그정돈 쓸 수 있다',NULL,NULL),(1,148,41,'치약맛초코',2,1),(1,149,20,'새천년체조',0,5),(1,151,6,'발로란트보단 오버워치가...',1,NULL),(1,152,41,'이제 누가 공지해주냐',3,NULL),(1,153,38,'그래도 기아가 1등인데..',0,NULL),(1,154,12,'저도 동의하기에 거절합니다',NULL,NULL),(1,155,24,'O',NULL,0),(1,158,42,'?롯데자이언츠죠',NULL,NULL),(1,160,10,'열심히 해서 상타야한다',NULL,NULL),(1,161,10,'어디든 내 자리만 있다면..',NULL,NULL),(1,162,10,'침대 밑에 사람',NULL,NULL),(1,163,14,'sdgasdgasdgasdga',NULL,NULL),(1,164,38,'또우승한다',NULL,NULL),(1,165,50,'자유복장 해야함',2,1),(1,166,53,'필요함',2,1),(1,167,38,'야구야',NULL,NULL),(1,168,56,'아니다',4,10),(1,169,38,'Gen G?',NULL,NULL),(1,170,38,'대한민국 파이팅',NULL,NULL),(1,171,53,'최고야~',NULL,0),(1,172,50,'안타 빼뺌',NULL,NULL),(1,173,50,'그래도 헬로키티가 더..',NULL,NULL),(1,174,68,'으휴조멜리나;;',1,3),(1,175,71,'돼지고기',NULL,NULL),(1,176,45,'육개장',1,7),(1,177,79,'라떼나 아바라',0,NULL),(1,178,67,'강아지상🐶',NULL,NULL),(1,179,67,'츤데레',NULL,NULL),(1,180,67,'무슨소리 말도안되지',NULL,NULL),(1,181,67,'센티넬',NULL,NULL),(1,182,17,'B!!!!',NULL,NULL),(1,183,46,'쵸 비~~~~상~~~~',3,5),(1,184,10,'평생 떡볶이 안 먹기',NULL,NULL),(1,185,10,'그냥 살기',NULL,NULL),(1,186,10,'토맛 토마토',NULL,NULL),(1,187,10,'10년 뒤 20억',NULL,NULL),(1,188,10,'잠수',NULL,NULL),(1,189,10,'냉정한 피드백',NULL,NULL),(1,190,10,'혼자 롯데월드 가기',NULL,NULL),(1,191,10,'월 700 받는 직장인',NULL,NULL),(1,192,10,'일 못 하는데 성격 좋음',NULL,NULL),(1,193,10,'이해 불가능',NULL,NULL),(1,194,10,'모든일에 징징거리는 징징이',NULL,NULL),(1,195,10,'유재석',NULL,NULL),(1,196,20,'까줄 수 있는거 아님?',NULL,NULL),(1,197,10,'친구면 이해 해줄 수 있지',NULL,NULL),(1,198,20,'여유로운 1시간 30분',NULL,NULL),(1,199,68,'티빙',2,NULL),(1,200,67,'푸푸들🐶',3,NULL),(1,201,67,'헤어질듯',NULL,NULL),(1,202,4,'호날두',NULL,NULL),(1,203,67,'마이키',NULL,NULL),(1,204,67,'으잉??그건아닌듯;;',NULL,NULL),(1,205,67,'수지',NULL,NULL),(1,206,67,'윈터',NULL,NULL),(1,207,67,'나를 알게되지만 인기를 잃기',NULL,NULL),(1,208,67,'메!!!!!!시',NULL,NULL),(1,209,28,'1박2일',NULL,NULL),(1,210,28,'테일즈런너',NULL,NULL),(1,211,10,'손흥민',3,0),(1,212,20,'주변에 자랑하기',2,NULL),(1,213,86,'이제 누가 공지해주냐...):',3,NULL),(1,214,10,'버스',3,NULL),(1,215,81,'갤럭시',2,NULL),(1,218,20,'깔끔하기만 하면 되는거지',3,NULL),(1,220,81,'100만 유투버',2,NULL),(1,221,89,'AI',NULL,NULL),(1,222,91,'슈붕',3,NULL);
/*!40000 ALTER TABLE `vote_opinion` ENABLE KEYS */;
UNLOCK TABLES;
/*!40103 SET TIME_ZONE=@OLD_TIME_ZONE */;

/*!40101 SET SQL_MODE=@OLD_SQL_MODE */;
/*!40014 SET FOREIGN_KEY_CHECKS=@OLD_FOREIGN_KEY_CHECKS */;
/*!40014 SET UNIQUE_CHECKS=@OLD_UNIQUE_CHECKS */;
/*!40101 SET CHARACTER_SET_CLIENT=@OLD_CHARACTER_SET_CLIENT */;
/*!40101 SET CHARACTER_SET_RESULTS=@OLD_CHARACTER_SET_RESULTS */;
/*!40101 SET COLLATION_CONNECTION=@OLD_COLLATION_CONNECTION */;
/*!40111 SET SQL_NOTES=@OLD_SQL_NOTES */;

-- Dump completed on 2024-08-15 15:42:27
